<annotation>
	<folder></folder>
	<filename>000009--2-_JPG_jpg.rf.f894fa0bb34d5070349a73f1012b002c.jpg</filename>
	<path>000009--2-_JPG_jpg.rf.f894fa0bb34d5070349a73f1012b002c.jpg</path>
	<source>
		<database>roboflow.ai</database>
	</source>
	<size>
		<width>416</width>
		<height>416</height>
		<depth>3</depth>
	</size>
	<segmented>0</segmented>
	<object>
		<name>plastik</name>
		<pose>Unspecified</pose>
		<truncated>0</truncated>
		<difficult>0</difficult>
		<occluded>0</occluded>
		<bndbox>
			<xmin>152</xmin>
			<xmax>233</xmax>
			<ymin>206</ymin>
			<ymax>220</ymax>
		</bndbox>
	</object>
</annotation>
