<annotation>
	<folder></folder>
	<filename>000016--5-_JPG_jpg.rf.6564d9ee7ae6669ea53940dcdb0dd0f6.jpg</filename>
	<path>000016--5-_JPG_jpg.rf.6564d9ee7ae6669ea53940dcdb0dd0f6.jpg</path>
	<source>
		<database>roboflow.ai</database>
	</source>
	<size>
		<width>416</width>
		<height>416</height>
		<depth>3</depth>
	</size>
	<segmented>0</segmented>
	<object>
		<name>plastik</name>
		<pose>Unspecified</pose>
		<truncated>0</truncated>
		<difficult>0</difficult>
		<occluded>0</occluded>
		<bndbox>
			<xmin>294</xmin>
			<xmax>310</xmax>
			<ymin>63</ymin>
			<ymax>121</ymax>
		</bndbox>
	</object>
</annotation>
