<annotation>
	<folder></folder>
	<filename>000003--5-_JPG_jpg.rf.953197802d31dbf68207b859ad17eed0.jpg</filename>
	<path>000003--5-_JPG_jpg.rf.953197802d31dbf68207b859ad17eed0.jpg</path>
	<source>
		<database>roboflow.ai</database>
	</source>
	<size>
		<width>416</width>
		<height>416</height>
		<depth>3</depth>
	</size>
	<segmented>0</segmented>
	<object>
		<name>metal</name>
		<pose>Unspecified</pose>
		<truncated>0</truncated>
		<difficult>0</difficult>
		<occluded>0</occluded>
		<bndbox>
			<xmin>246</xmin>
			<xmax>260</xmax>
			<ymin>303</ymin>
			<ymax>319</ymax>
		</bndbox>
	</object>
</annotation>
