<annotation>
	<folder></folder>
	<filename>000014--10-_jpg.rf.c452a22360fb17481203219c9761475d.jpg</filename>
	<path>000014--10-_jpg.rf.c452a22360fb17481203219c9761475d.jpg</path>
	<source>
		<database>roboflow.ai</database>
	</source>
	<size>
		<width>416</width>
		<height>416</height>
		<depth>3</depth>
	</size>
	<segmented>0</segmented>
	<object>
		<name>diger</name>
		<pose>Unspecified</pose>
		<truncated>0</truncated>
		<difficult>0</difficult>
		<occluded>0</occluded>
		<bndbox>
			<xmin>245</xmin>
			<xmax>305</xmax>
			<ymin>58</ymin>
			<ymax>196</ymax>
		</bndbox>
	</object>
	<object>
		<name>karton</name>
		<pose>Unspecified</pose>
		<truncated>0</truncated>
		<difficult>0</difficult>
		<occluded>0</occluded>
		<bndbox>
			<xmin>182</xmin>
			<xmax>302</xmax>
			<ymin>60</ymin>
			<ymax>376</ymax>
		</bndbox>
	</object>
</annotation>
