<annotation>
	<folder></folder>
	<filename>000009--9-_jpg.rf.a13b839281d51edb021caea5939acaec.jpg</filename>
	<path>000009--9-_jpg.rf.a13b839281d51edb021caea5939acaec.jpg</path>
	<source>
		<database>roboflow.ai</database>
	</source>
	<size>
		<width>416</width>
		<height>416</height>
		<depth>3</depth>
	</size>
	<segmented>0</segmented>
	<object>
		<name>plastik</name>
		<pose>Unspecified</pose>
		<truncated>0</truncated>
		<difficult>0</difficult>
		<occluded>0</occluded>
		<bndbox>
			<xmin>258</xmin>
			<xmax>386</xmax>
			<ymin>22</ymin>
			<ymax>183</ymax>
		</bndbox>
	</object>
	<object>
		<name>kagit</name>
		<pose>Unspecified</pose>
		<truncated>0</truncated>
		<difficult>0</difficult>
		<occluded>0</occluded>
		<bndbox>
			<xmin>28</xmin>
			<xmax>62</xmax>
			<ymin>239</ymin>
			<ymax>328</ymax>
		</bndbox>
	</object>
</annotation>
