<annotation>
	<folder></folder>
	<filename>000009--5-_jpg.rf.509e8b80c1b4ce544148d258307a515e.jpg</filename>
	<path>000009--5-_jpg.rf.509e8b80c1b4ce544148d258307a515e.jpg</path>
	<source>
		<database>roboflow.ai</database>
	</source>
	<size>
		<width>416</width>
		<height>416</height>
		<depth>3</depth>
	</size>
	<segmented>0</segmented>
	<object>
		<name>metal</name>
		<pose>Unspecified</pose>
		<truncated>0</truncated>
		<difficult>0</difficult>
		<occluded>0</occluded>
		<bndbox>
			<xmin>183</xmin>
			<xmax>232</xmax>
			<ymin>200</ymin>
			<ymax>236</ymax>
		</bndbox>
	</object>
</annotation>
