<annotation>
	<folder></folder>
	<filename>000021--4-_JPG_jpg.rf.e2b0d88a8a77ded379b17f3f08f50e47.jpg</filename>
	<path>000021--4-_JPG_jpg.rf.e2b0d88a8a77ded379b17f3f08f50e47.jpg</path>
	<source>
		<database>roboflow.ai</database>
	</source>
	<size>
		<width>416</width>
		<height>416</height>
		<depth>3</depth>
	</size>
	<segmented>0</segmented>
	<object>
		<name>plastik</name>
		<pose>Unspecified</pose>
		<truncated>0</truncated>
		<difficult>0</difficult>
		<occluded>0</occluded>
		<bndbox>
			<xmin>137</xmin>
			<xmax>212</xmax>
			<ymin>160</ymin>
			<ymax>213</ymax>
		</bndbox>
	</object>
</annotation>
