<annotation>
	<folder></folder>
	<filename>000003_jpg.rf.e45867afc90a7601cfc9648a4c0c960d.jpg</filename>
	<path>000003_jpg.rf.e45867afc90a7601cfc9648a4c0c960d.jpg</path>
	<source>
		<database>roboflow.ai</database>
	</source>
	<size>
		<width>416</width>
		<height>416</height>
		<depth>3</depth>
	</size>
	<segmented>0</segmented>
	<object>
		<name>karton</name>
		<pose>Unspecified</pose>
		<truncated>0</truncated>
		<difficult>0</difficult>
		<occluded>0</occluded>
		<bndbox>
			<xmin>195</xmin>
			<xmax>259</xmax>
			<ymin>222</ymin>
			<ymax>272</ymax>
		</bndbox>
	</object>
</annotation>
