<annotation>
	<folder></folder>
	<filename>000016--7-_jpg.rf.56b72ff5294afe7c8ef6f1bd0f77ca5f.jpg</filename>
	<path>000016--7-_jpg.rf.56b72ff5294afe7c8ef6f1bd0f77ca5f.jpg</path>
	<source>
		<database>roboflow.ai</database>
	</source>
	<size>
		<width>416</width>
		<height>416</height>
		<depth>3</depth>
	</size>
	<segmented>0</segmented>
	<object>
		<name>plastik</name>
		<pose>Unspecified</pose>
		<truncated>0</truncated>
		<difficult>0</difficult>
		<occluded>0</occluded>
		<bndbox>
			<xmin>191</xmin>
			<xmax>271</xmax>
			<ymin>300</ymin>
			<ymax>334</ymax>
		</bndbox>
	</object>
</annotation>
