<annotation>
	<folder></folder>
	<filename>000009--7-_jpg.rf.13d241004561816c3b5da8fcecf819b3.jpg</filename>
	<path>000009--7-_jpg.rf.13d241004561816c3b5da8fcecf819b3.jpg</path>
	<source>
		<database>roboflow.ai</database>
	</source>
	<size>
		<width>416</width>
		<height>416</height>
		<depth>3</depth>
	</size>
	<segmented>0</segmented>
	<object>
		<name>plastik</name>
		<pose>Unspecified</pose>
		<truncated>0</truncated>
		<difficult>0</difficult>
		<occluded>0</occluded>
		<bndbox>
			<xmin>169</xmin>
			<xmax>183</xmax>
			<ymin>180</ymin>
			<ymax>208</ymax>
		</bndbox>
	</object>
</annotation>
