<annotation>
	<folder></folder>
	<filename>000016--3-_JPG_jpg.rf.af64048dfd61f93a8a69831d33ba1da8.jpg</filename>
	<path>000016--3-_JPG_jpg.rf.af64048dfd61f93a8a69831d33ba1da8.jpg</path>
	<source>
		<database>roboflow.ai</database>
	</source>
	<size>
		<width>416</width>
		<height>416</height>
		<depth>3</depth>
	</size>
	<segmented>0</segmented>
	<object>
		<name>plastik</name>
		<pose>Unspecified</pose>
		<truncated>0</truncated>
		<difficult>0</difficult>
		<occluded>0</occluded>
		<bndbox>
			<xmin>154</xmin>
			<xmax>222</xmax>
			<ymin>126</ymin>
			<ymax>160</ymax>
		</bndbox>
	</object>
</annotation>
