<annotation>
	<folder></folder>
	<filename>000008--11-_jpg.rf.294bcb7a0a90e1be55dc89ae44192527.jpg</filename>
	<path>000008--11-_jpg.rf.294bcb7a0a90e1be55dc89ae44192527.jpg</path>
	<source>
		<database>roboflow.ai</database>
	</source>
	<size>
		<width>416</width>
		<height>416</height>
		<depth>3</depth>
	</size>
	<segmented>0</segmented>
	<object>
		<name>metal</name>
		<pose>Unspecified</pose>
		<truncated>0</truncated>
		<difficult>0</difficult>
		<occluded>0</occluded>
		<bndbox>
			<xmin>94</xmin>
			<xmax>277</xmax>
			<ymin>83</ymin>
			<ymax>282</ymax>
		</bndbox>
	</object>
</annotation>
