<annotation>
	<folder></folder>
	<filename>000002--4-_JPG_jpg.rf.a1840063c94cb85b07bc38b79bc79020.jpg</filename>
	<path>000002--4-_JPG_jpg.rf.a1840063c94cb85b07bc38b79bc79020.jpg</path>
	<source>
		<database>roboflow.ai</database>
	</source>
	<size>
		<width>416</width>
		<height>416</height>
		<depth>3</depth>
	</size>
	<segmented>0</segmented>
	<object>
		<name>plastik</name>
		<pose>Unspecified</pose>
		<truncated>0</truncated>
		<difficult>0</difficult>
		<occluded>0</occluded>
		<bndbox>
			<xmin>317</xmin>
			<xmax>373</xmax>
			<ymin>188</ymin>
			<ymax>227</ymax>
		</bndbox>
	</object>
</annotation>
