<annotation>
	<folder></folder>
	<filename>000006--2-_JPG_jpg.rf.56b7f0e61535dc9c817ae68f6957f2b0.jpg</filename>
	<path>000006--2-_JPG_jpg.rf.56b7f0e61535dc9c817ae68f6957f2b0.jpg</path>
	<source>
		<database>roboflow.ai</database>
	</source>
	<size>
		<width>416</width>
		<height>416</height>
		<depth>3</depth>
	</size>
	<segmented>0</segmented>
	<object>
		<name>plastik</name>
		<pose>Unspecified</pose>
		<truncated>0</truncated>
		<difficult>0</difficult>
		<occluded>0</occluded>
		<bndbox>
			<xmin>178</xmin>
			<xmax>258</xmax>
			<ymin>112</ymin>
			<ymax>204</ymax>
		</bndbox>
	</object>
</annotation>
