<annotation>
	<folder></folder>
	<filename>000016--6-_jpg.rf.2ff76a3fd511b9e232ea67a7a9158cc4.jpg</filename>
	<path>000016--6-_jpg.rf.2ff76a3fd511b9e232ea67a7a9158cc4.jpg</path>
	<source>
		<database>roboflow.ai</database>
	</source>
	<size>
		<width>416</width>
		<height>416</height>
		<depth>3</depth>
	</size>
	<segmented>0</segmented>
	<object>
		<name>plastik</name>
		<pose>Unspecified</pose>
		<truncated>0</truncated>
		<difficult>0</difficult>
		<occluded>0</occluded>
		<bndbox>
			<xmin>89</xmin>
			<xmax>103</xmax>
			<ymin>236</ymin>
			<ymax>276</ymax>
		</bndbox>
	</object>
</annotation>
