<annotation>
	<folder></folder>
	<filename>000011--7-_jpg.rf.0c6605fe932037df5b49ff0cef36297a.jpg</filename>
	<path>000011--7-_jpg.rf.0c6605fe932037df5b49ff0cef36297a.jpg</path>
	<source>
		<database>roboflow.ai</database>
	</source>
	<size>
		<width>416</width>
		<height>416</height>
		<depth>3</depth>
	</size>
	<segmented>0</segmented>
	<object>
		<name>plastik</name>
		<pose>Unspecified</pose>
		<truncated>0</truncated>
		<difficult>0</difficult>
		<occluded>0</occluded>
		<bndbox>
			<xmin>198</xmin>
			<xmax>252</xmax>
			<ymin>240</ymin>
			<ymax>269</ymax>
		</bndbox>
	</object>
</annotation>
