<annotation>
	<folder></folder>
	<filename>000000--2-_JPG_jpg.rf.d665762ffb003a44c54404272a5edee4.jpg</filename>
	<path>000000--2-_JPG_jpg.rf.d665762ffb003a44c54404272a5edee4.jpg</path>
	<source>
		<database>roboflow.ai</database>
	</source>
	<size>
		<width>416</width>
		<height>416</height>
		<depth>3</depth>
	</size>
	<segmented>0</segmented>
	<object>
		<name>plastik</name>
		<pose>Unspecified</pose>
		<truncated>0</truncated>
		<difficult>0</difficult>
		<occluded>0</occluded>
		<bndbox>
			<xmin>164</xmin>
			<xmax>247</xmax>
			<ymin>146</ymin>
			<ymax>260</ymax>
		</bndbox>
	</object>
</annotation>
