<annotation>
	<folder></folder>
	<filename>000012--8-_jpg.rf.5b3669c4bd38667078a1c972769e04b8.jpg</filename>
	<path>000012--8-_jpg.rf.5b3669c4bd38667078a1c972769e04b8.jpg</path>
	<source>
		<database>roboflow.ai</database>
	</source>
	<size>
		<width>416</width>
		<height>416</height>
		<depth>3</depth>
	</size>
	<segmented>0</segmented>
	<object>
		<name>plastik</name>
		<pose>Unspecified</pose>
		<truncated>0</truncated>
		<difficult>0</difficult>
		<occluded>0</occluded>
		<bndbox>
			<xmin>47</xmin>
			<xmax>92</xmax>
			<ymin>251</ymin>
			<ymax>267</ymax>
		</bndbox>
	</object>
</annotation>
