<annotation>
	<folder></folder>
	<filename>000002_JPG_jpg.rf.7c3dd24cafb1be4fff0cdd36cc53dc5c.jpg</filename>
	<path>000002_JPG_jpg.rf.7c3dd24cafb1be4fff0cdd36cc53dc5c.jpg</path>
	<source>
		<database>roboflow.ai</database>
	</source>
	<size>
		<width>416</width>
		<height>416</height>
		<depth>3</depth>
	</size>
	<segmented>0</segmented>
	<object>
		<name>kagit</name>
		<pose>Unspecified</pose>
		<truncated>0</truncated>
		<difficult>0</difficult>
		<occluded>0</occluded>
		<bndbox>
			<xmin>190</xmin>
			<xmax>218</xmax>
			<ymin>405</ymin>
			<ymax>416</ymax>
		</bndbox>
	</object>
	<object>
		<name>kagit</name>
		<pose>Unspecified</pose>
		<truncated>0</truncated>
		<difficult>0</difficult>
		<occluded>0</occluded>
		<bndbox>
			<xmin>299</xmin>
			<xmax>311</xmax>
			<ymin>181</ymin>
			<ymax>191</ymax>
		</bndbox>
	</object>
	<object>
		<name>plastik</name>
		<pose>Unspecified</pose>
		<truncated>0</truncated>
		<difficult>0</difficult>
		<occluded>0</occluded>
		<bndbox>
			<xmin>70</xmin>
			<xmax>82</xmax>
			<ymin>104</ymin>
			<ymax>112</ymax>
		</bndbox>
	</object>
</annotation>
