<annotation>
	<folder></folder>
	<filename>000019_jpg.rf.26f011c6b8c379dce45cde171c6b5875.jpg</filename>
	<path>000019_jpg.rf.26f011c6b8c379dce45cde171c6b5875.jpg</path>
	<source>
		<database>roboflow.ai</database>
	</source>
	<size>
		<width>416</width>
		<height>416</height>
		<depth>3</depth>
	</size>
	<segmented>0</segmented>
	<object>
		<name>plastik</name>
		<pose>Unspecified</pose>
		<truncated>0</truncated>
		<difficult>0</difficult>
		<occluded>0</occluded>
		<bndbox>
			<xmin>284</xmin>
			<xmax>377</xmax>
			<ymin>252</ymin>
			<ymax>404</ymax>
		</bndbox>
	</object>
	<object>
		<name>metal</name>
		<pose>Unspecified</pose>
		<truncated>0</truncated>
		<difficult>0</difficult>
		<occluded>0</occluded>
		<bndbox>
			<xmin>226</xmin>
			<xmax>292</xmax>
			<ymin>155</ymin>
			<ymax>259</ymax>
		</bndbox>
	</object>
</annotation>
