<annotation>
	<folder></folder>
	<filename>000007--9-_jpg.rf.f6b302b021d3ad5471728a1aa605a826.jpg</filename>
	<path>000007--9-_jpg.rf.f6b302b021d3ad5471728a1aa605a826.jpg</path>
	<source>
		<database>roboflow.ai</database>
	</source>
	<size>
		<width>416</width>
		<height>416</height>
		<depth>3</depth>
	</size>
	<segmented>0</segmented>
	<object>
		<name>diger</name>
		<pose>Unspecified</pose>
		<truncated>0</truncated>
		<difficult>0</difficult>
		<occluded>0</occluded>
		<bndbox>
			<xmin>228</xmin>
			<xmax>316</xmax>
			<ymin>28</ymin>
			<ymax>151</ymax>
		</bndbox>
	</object>
</annotation>
