<annotation>
	<folder></folder>
	<filename>000001--9-_jpg.rf.73d51b679438598ef12cef67daa8d639.jpg</filename>
	<path>000001--9-_jpg.rf.73d51b679438598ef12cef67daa8d639.jpg</path>
	<source>
		<database>roboflow.ai</database>
	</source>
	<size>
		<width>416</width>
		<height>416</height>
		<depth>3</depth>
	</size>
	<segmented>0</segmented>
	<object>
		<name>kopuk</name>
		<pose>Unspecified</pose>
		<truncated>0</truncated>
		<difficult>0</difficult>
		<occluded>0</occluded>
		<bndbox>
			<xmin>180</xmin>
			<xmax>279</xmax>
			<ymin>185</ymin>
			<ymax>229</ymax>
		</bndbox>
	</object>
	<object>
		<name>kopuk</name>
		<pose>Unspecified</pose>
		<truncated>0</truncated>
		<difficult>0</difficult>
		<occluded>0</occluded>
		<bndbox>
			<xmin>3</xmin>
			<xmax>416</xmax>
			<ymin>1</ymin>
			<ymax>138</ymax>
		</bndbox>
	</object>
</annotation>
