<annotation>
	<folder></folder>
	<filename>000010--7-_jpg.rf.61f796bca0b4aff0e764192bf579f681.jpg</filename>
	<path>000010--7-_jpg.rf.61f796bca0b4aff0e764192bf579f681.jpg</path>
	<source>
		<database>roboflow.ai</database>
	</source>
	<size>
		<width>416</width>
		<height>416</height>
		<depth>3</depth>
	</size>
	<segmented>0</segmented>
	<object>
		<name>cam</name>
		<pose>Unspecified</pose>
		<truncated>0</truncated>
		<difficult>0</difficult>
		<occluded>0</occluded>
		<bndbox>
			<xmin>246</xmin>
			<xmax>289</xmax>
			<ymin>117</ymin>
			<ymax>159</ymax>
		</bndbox>
	</object>
</annotation>
