<annotation>
	<folder></folder>
	<filename>000003--7-_jpg.rf.87c827ca21fb9ed60911cf7c7062dd45.jpg</filename>
	<path>000003--7-_jpg.rf.87c827ca21fb9ed60911cf7c7062dd45.jpg</path>
	<source>
		<database>roboflow.ai</database>
	</source>
	<size>
		<width>416</width>
		<height>416</height>
		<depth>3</depth>
	</size>
	<segmented>0</segmented>
	<object>
		<name>plastik</name>
		<pose>Unspecified</pose>
		<truncated>0</truncated>
		<difficult>0</difficult>
		<occluded>0</occluded>
		<bndbox>
			<xmin>236</xmin>
			<xmax>278</xmax>
			<ymin>178</ymin>
			<ymax>236</ymax>
		</bndbox>
	</object>
</annotation>
