<annotation>
	<folder></folder>
	<filename>000016--6-_jpg.rf.5061cdcf60c4efcee52fd4b828d09926.jpg</filename>
	<path>000016--6-_jpg.rf.5061cdcf60c4efcee52fd4b828d09926.jpg</path>
	<source>
		<database>roboflow.ai</database>
	</source>
	<size>
		<width>416</width>
		<height>416</height>
		<depth>3</depth>
	</size>
	<segmented>0</segmented>
	<object>
		<name>plastik</name>
		<pose>Unspecified</pose>
		<truncated>0</truncated>
		<difficult>0</difficult>
		<occluded>0</occluded>
		<bndbox>
			<xmin>142</xmin>
			<xmax>182</xmax>
			<ymin>89</ymin>
			<ymax>103</ymax>
		</bndbox>
	</object>
</annotation>
