<annotation>
	<folder></folder>
	<filename>000007--3-_JPG_jpg.rf.9fe705523d4c87c409b80355026541b1.jpg</filename>
	<path>000007--3-_JPG_jpg.rf.9fe705523d4c87c409b80355026541b1.jpg</path>
	<source>
		<database>roboflow.ai</database>
	</source>
	<size>
		<width>416</width>
		<height>416</height>
		<depth>3</depth>
	</size>
	<segmented>0</segmented>
	<object>
		<name>plastik</name>
		<pose>Unspecified</pose>
		<truncated>0</truncated>
		<difficult>0</difficult>
		<occluded>0</occluded>
		<bndbox>
			<xmin>156</xmin>
			<xmax>176</xmax>
			<ymin>251</ymin>
			<ymax>299</ymax>
		</bndbox>
	</object>
</annotation>
