<annotation>
	<folder></folder>
	<filename>000015--10-_jpg.rf.fdd3c2b57a799f89c3435bbf72c7f3df.jpg</filename>
	<path>000015--10-_jpg.rf.fdd3c2b57a799f89c3435bbf72c7f3df.jpg</path>
	<source>
		<database>roboflow.ai</database>
	</source>
	<size>
		<width>416</width>
		<height>416</height>
		<depth>3</depth>
	</size>
	<segmented>0</segmented>
	<object>
		<name>kopuk</name>
		<pose>Unspecified</pose>
		<truncated>0</truncated>
		<difficult>0</difficult>
		<occluded>0</occluded>
		<bndbox>
			<xmin>162</xmin>
			<xmax>224</xmax>
			<ymin>193</ymin>
			<ymax>281</ymax>
		</bndbox>
	</object>
	<object>
		<name>kopuk</name>
		<pose>Unspecified</pose>
		<truncated>0</truncated>
		<difficult>0</difficult>
		<occluded>0</occluded>
		<bndbox>
			<xmin>162</xmin>
			<xmax>282</xmax>
			<ymin>113</ymin>
			<ymax>372</ymax>
		</bndbox>
	</object>
</annotation>
