<annotation>
	<folder></folder>
	<filename>000012--5-_JPG_jpg.rf.b31a35a1e664966a56d346e62ae75d30.jpg</filename>
	<path>000012--5-_JPG_jpg.rf.b31a35a1e664966a56d346e62ae75d30.jpg</path>
	<source>
		<database>roboflow.ai</database>
	</source>
	<size>
		<width>416</width>
		<height>416</height>
		<depth>3</depth>
	</size>
	<segmented>0</segmented>
	<object>
		<name>plastik</name>
		<pose>Unspecified</pose>
		<truncated>0</truncated>
		<difficult>0</difficult>
		<occluded>0</occluded>
		<bndbox>
			<xmin>128</xmin>
			<xmax>186</xmax>
			<ymin>123</ymin>
			<ymax>215</ymax>
		</bndbox>
	</object>
</annotation>
