<annotation>
	<folder></folder>
	<filename>000004--5-_jpg.rf.5b06a5fd64f1ab33e579495f39408591.jpg</filename>
	<path>000004--5-_jpg.rf.5b06a5fd64f1ab33e579495f39408591.jpg</path>
	<source>
		<database>roboflow.ai</database>
	</source>
	<size>
		<width>416</width>
		<height>416</height>
		<depth>3</depth>
	</size>
	<segmented>0</segmented>
	<object>
		<name>plastik</name>
		<pose>Unspecified</pose>
		<truncated>0</truncated>
		<difficult>0</difficult>
		<occluded>0</occluded>
		<bndbox>
			<xmin>124</xmin>
			<xmax>164</xmax>
			<ymin>236</ymin>
			<ymax>274</ymax>
		</bndbox>
	</object>
</annotation>
