<annotation>
	<folder></folder>
	<filename>000011--7-_jpg.rf.e598bbba0711459153bcdd39d36714d5.jpg</filename>
	<path>000011--7-_jpg.rf.e598bbba0711459153bcdd39d36714d5.jpg</path>
	<source>
		<database>roboflow.ai</database>
	</source>
	<size>
		<width>416</width>
		<height>416</height>
		<depth>3</depth>
	</size>
	<segmented>0</segmented>
	<object>
		<name>plastik</name>
		<pose>Unspecified</pose>
		<truncated>0</truncated>
		<difficult>0</difficult>
		<occluded>0</occluded>
		<bndbox>
			<xmin>240</xmin>
			<xmax>269</xmax>
			<ymin>167</ymin>
			<ymax>221</ymax>
		</bndbox>
	</object>
</annotation>
