<annotation>
	<folder></folder>
	<filename>000019--2-_JPG_jpg.rf.8fe90e8c134c5cc72a7558a5ce03a55c.jpg</filename>
	<path>000019--2-_JPG_jpg.rf.8fe90e8c134c5cc72a7558a5ce03a55c.jpg</path>
	<source>
		<database>roboflow.ai</database>
	</source>
	<size>
		<width>416</width>
		<height>416</height>
		<depth>3</depth>
	</size>
	<segmented>0</segmented>
	<object>
		<name>plastik</name>
		<pose>Unspecified</pose>
		<truncated>0</truncated>
		<difficult>0</difficult>
		<occluded>0</occluded>
		<bndbox>
			<xmin>253</xmin>
			<xmax>261</xmax>
			<ymin>209</ymin>
			<ymax>223</ymax>
		</bndbox>
	</object>
</annotation>
