<annotation>
	<folder></folder>
	<filename>000006--11-_jpg.rf.293f3ad3a749b973babd92b96675e4fd.jpg</filename>
	<path>000006--11-_jpg.rf.293f3ad3a749b973babd92b96675e4fd.jpg</path>
	<source>
		<database>roboflow.ai</database>
	</source>
	<size>
		<width>416</width>
		<height>416</height>
		<depth>3</depth>
	</size>
	<segmented>0</segmented>
	<object>
		<name>plastik</name>
		<pose>Unspecified</pose>
		<truncated>0</truncated>
		<difficult>0</difficult>
		<occluded>0</occluded>
		<bndbox>
			<xmin>153</xmin>
			<xmax>215</xmax>
			<ymin>162</ymin>
			<ymax>262</ymax>
		</bndbox>
	</object>
</annotation>
