<annotation>
	<folder></folder>
	<filename>000005--3-_JPG_jpg.rf.c5fc52ef4f51a4ed509dc8ff64cff1c5.jpg</filename>
	<path>000005--3-_JPG_jpg.rf.c5fc52ef4f51a4ed509dc8ff64cff1c5.jpg</path>
	<source>
		<database>roboflow.ai</database>
	</source>
	<size>
		<width>416</width>
		<height>416</height>
		<depth>3</depth>
	</size>
	<segmented>0</segmented>
	<object>
		<name>plastik</name>
		<pose>Unspecified</pose>
		<truncated>0</truncated>
		<difficult>0</difficult>
		<occluded>0</occluded>
		<bndbox>
			<xmin>147</xmin>
			<xmax>181</xmax>
			<ymin>184</ymin>
			<ymax>214</ymax>
		</bndbox>
	</object>
</annotation>
