<annotation>
	<folder></folder>
	<filename>000008--10-_jpg.rf.fbee7987e343a0f8c4555ee0693a36b9.jpg</filename>
	<path>000008--10-_jpg.rf.fbee7987e343a0f8c4555ee0693a36b9.jpg</path>
	<source>
		<database>roboflow.ai</database>
	</source>
	<size>
		<width>416</width>
		<height>416</height>
		<depth>3</depth>
	</size>
	<segmented>0</segmented>
	<object>
		<name>kopuk</name>
		<pose>Unspecified</pose>
		<truncated>0</truncated>
		<difficult>0</difficult>
		<occluded>0</occluded>
		<bndbox>
			<xmin>173</xmin>
			<xmax>416</xmax>
			<ymin>3</ymin>
			<ymax>312</ymax>
		</bndbox>
	</object>
</annotation>
