<annotation>
	<folder></folder>
	<filename>000013_jpg.rf.4bac71913bbe41da8e96a1b12b490bbc.jpg</filename>
	<path>000013_jpg.rf.4bac71913bbe41da8e96a1b12b490bbc.jpg</path>
	<source>
		<database>roboflow.ai</database>
	</source>
	<size>
		<width>416</width>
		<height>416</height>
		<depth>3</depth>
	</size>
	<segmented>0</segmented>
	<object>
		<name>cam</name>
		<pose>Unspecified</pose>
		<truncated>0</truncated>
		<difficult>0</difficult>
		<occluded>0</occluded>
		<bndbox>
			<xmin>229</xmin>
			<xmax>301</xmax>
			<ymin>220</ymin>
			<ymax>274</ymax>
		</bndbox>
	</object>
</annotation>
