<annotation>
	<folder></folder>
	<filename>000010--4-_JPG_jpg.rf.335c2cd205f4dc6a2be5cdf3565d2092.jpg</filename>
	<path>000010--4-_JPG_jpg.rf.335c2cd205f4dc6a2be5cdf3565d2092.jpg</path>
	<source>
		<database>roboflow.ai</database>
	</source>
	<size>
		<width>416</width>
		<height>416</height>
		<depth>3</depth>
	</size>
	<segmented>0</segmented>
	<object>
		<name>plastik</name>
		<pose>Unspecified</pose>
		<truncated>0</truncated>
		<difficult>0</difficult>
		<occluded>0</occluded>
		<bndbox>
			<xmin>157</xmin>
			<xmax>241</xmax>
			<ymin>164</ymin>
			<ymax>232</ymax>
		</bndbox>
	</object>
</annotation>
