<annotation>
	<folder></folder>
	<filename>000003_jpg.rf.d345ec2ad1ccf12ed68a75b65d4c1a4a.jpg</filename>
	<path>000003_jpg.rf.d345ec2ad1ccf12ed68a75b65d4c1a4a.jpg</path>
	<source>
		<database>roboflow.ai</database>
	</source>
	<size>
		<width>416</width>
		<height>416</height>
		<depth>3</depth>
	</size>
	<segmented>0</segmented>
	<object>
		<name>karton</name>
		<pose>Unspecified</pose>
		<truncated>0</truncated>
		<difficult>0</difficult>
		<occluded>0</occluded>
		<bndbox>
			<xmin>147</xmin>
			<xmax>197</xmax>
			<ymin>195</ymin>
			<ymax>259</ymax>
		</bndbox>
	</object>
</annotation>
