<annotation>
	<folder></folder>
	<filename>000010--9-_jpg.rf.34ccfbeb7a3a6b0712e9f9fbd23aea94.jpg</filename>
	<path>000010--9-_jpg.rf.34ccfbeb7a3a6b0712e9f9fbd23aea94.jpg</path>
	<source>
		<database>roboflow.ai</database>
	</source>
	<size>
		<width>416</width>
		<height>416</height>
		<depth>3</depth>
	</size>
	<segmented>0</segmented>
	<object>
		<name>plastik</name>
		<pose>Unspecified</pose>
		<truncated>0</truncated>
		<difficult>0</difficult>
		<occluded>0</occluded>
		<bndbox>
			<xmin>74</xmin>
			<xmax>88</xmax>
			<ymin>111</ymin>
			<ymax>120</ymax>
		</bndbox>
	</object>
</annotation>
