<annotation>
	<folder></folder>
	<filename>000006--2-_JPG_jpg.rf.8ca40a8bbb81bcf279a76c3109aa9383.jpg</filename>
	<path>000006--2-_JPG_jpg.rf.8ca40a8bbb81bcf279a76c3109aa9383.jpg</path>
	<source>
		<database>roboflow.ai</database>
	</source>
	<size>
		<width>416</width>
		<height>416</height>
		<depth>3</depth>
	</size>
	<segmented>0</segmented>
	<object>
		<name>plastik</name>
		<pose>Unspecified</pose>
		<truncated>0</truncated>
		<difficult>0</difficult>
		<occluded>0</occluded>
		<bndbox>
			<xmin>161</xmin>
			<xmax>241</xmax>
			<ymin>112</ymin>
			<ymax>204</ymax>
		</bndbox>
	</object>
</annotation>
