<annotation>
	<folder></folder>
	<filename>000007--2-_JPG_jpg.rf.4fa5e371c73f90222da996c1f37f3385.jpg</filename>
	<path>000007--2-_JPG_jpg.rf.4fa5e371c73f90222da996c1f37f3385.jpg</path>
	<source>
		<database>roboflow.ai</database>
	</source>
	<size>
		<width>416</width>
		<height>416</height>
		<depth>3</depth>
	</size>
	<segmented>0</segmented>
	<object>
		<name>metal</name>
		<pose>Unspecified</pose>
		<truncated>0</truncated>
		<difficult>0</difficult>
		<occluded>0</occluded>
		<bndbox>
			<xmin>205</xmin>
			<xmax>239</xmax>
			<ymin>213</ymin>
			<ymax>250</ymax>
		</bndbox>
	</object>
</annotation>
