<annotation>
	<folder></folder>
	<filename>000007--4-_JPG_jpg.rf.8767901ffe7718053829cedfd91ebc4c.jpg</filename>
	<path>000007--4-_JPG_jpg.rf.8767901ffe7718053829cedfd91ebc4c.jpg</path>
	<source>
		<database>roboflow.ai</database>
	</source>
	<size>
		<width>416</width>
		<height>416</height>
		<depth>3</depth>
	</size>
	<segmented>0</segmented>
	<object>
		<name>metal</name>
		<pose>Unspecified</pose>
		<truncated>0</truncated>
		<difficult>0</difficult>
		<occluded>0</occluded>
		<bndbox>
			<xmin>164</xmin>
			<xmax>202</xmax>
			<ymin>187</ymin>
			<ymax>230</ymax>
		</bndbox>
	</object>
</annotation>
