<annotation>
	<folder></folder>
	<filename>000009--4-_JPG_jpg.rf.8230f0e43c01b88475d090444bf76f90.jpg</filename>
	<path>000009--4-_JPG_jpg.rf.8230f0e43c01b88475d090444bf76f90.jpg</path>
	<source>
		<database>roboflow.ai</database>
	</source>
	<size>
		<width>416</width>
		<height>416</height>
		<depth>3</depth>
	</size>
	<segmented>0</segmented>
	<object>
		<name>karton</name>
		<pose>Unspecified</pose>
		<truncated>0</truncated>
		<difficult>0</difficult>
		<occluded>0</occluded>
		<bndbox>
			<xmin>98</xmin>
			<xmax>284</xmax>
			<ymin>98</ymin>
			<ymax>286</ymax>
		</bndbox>
	</object>
</annotation>
