<annotation>
	<folder></folder>
	<filename>000007--8-_jpg.rf.79f296e9184d30e46d4c5c7bafcaefc3.jpg</filename>
	<path>000007--8-_jpg.rf.79f296e9184d30e46d4c5c7bafcaefc3.jpg</path>
	<source>
		<database>roboflow.ai</database>
	</source>
	<size>
		<width>416</width>
		<height>416</height>
		<depth>3</depth>
	</size>
	<segmented>0</segmented>
	<object>
		<name>plastik</name>
		<pose>Unspecified</pose>
		<truncated>0</truncated>
		<difficult>0</difficult>
		<occluded>0</occluded>
		<bndbox>
			<xmin>273</xmin>
			<xmax>290</xmax>
			<ymin>36</ymin>
			<ymax>88</ymax>
		</bndbox>
	</object>
</annotation>
