<annotation>
	<folder></folder>
	<filename>000000--11-_jpg.rf.94722de6567cda2fb0db5d3fd62a7b88.jpg</filename>
	<path>000000--11-_jpg.rf.94722de6567cda2fb0db5d3fd62a7b88.jpg</path>
	<source>
		<database>roboflow.ai</database>
	</source>
	<size>
		<width>416</width>
		<height>416</height>
		<depth>3</depth>
	</size>
	<segmented>0</segmented>
	<object>
		<name>plastik</name>
		<pose>Unspecified</pose>
		<truncated>0</truncated>
		<difficult>0</difficult>
		<occluded>0</occluded>
		<bndbox>
			<xmin>169</xmin>
			<xmax>189</xmax>
			<ymin>190</ymin>
			<ymax>236</ymax>
		</bndbox>
	</object>
</annotation>
