<annotation>
	<folder></folder>
	<filename>000012--6-_jpg.rf.0a36d509291ef2ec6112a4d3807d819f.jpg</filename>
	<path>000012--6-_jpg.rf.0a36d509291ef2ec6112a4d3807d819f.jpg</path>
	<source>
		<database>roboflow.ai</database>
	</source>
	<size>
		<width>416</width>
		<height>416</height>
		<depth>3</depth>
	</size>
	<segmented>0</segmented>
	<object>
		<name>plastik</name>
		<pose>Unspecified</pose>
		<truncated>0</truncated>
		<difficult>0</difficult>
		<occluded>0</occluded>
		<bndbox>
			<xmin>216</xmin>
			<xmax>258</xmax>
			<ymin>185</ymin>
			<ymax>255</ymax>
		</bndbox>
	</object>
</annotation>
