<annotation>
	<folder></folder>
	<filename>000003--9-_jpg.rf.95a8ff3e21e5cb002a05d15c29e6685d.jpg</filename>
	<path>000003--9-_jpg.rf.95a8ff3e21e5cb002a05d15c29e6685d.jpg</path>
	<source>
		<database>roboflow.ai</database>
	</source>
	<size>
		<width>416</width>
		<height>416</height>
		<depth>3</depth>
	</size>
	<segmented>0</segmented>
	<object>
		<name>karton</name>
		<pose>Unspecified</pose>
		<truncated>0</truncated>
		<difficult>0</difficult>
		<occluded>0</occluded>
		<bndbox>
			<xmin>172</xmin>
			<xmax>338</xmax>
			<ymin>45</ymin>
			<ymax>393</ymax>
		</bndbox>
	</object>
	<object>
		<name>karton</name>
		<pose>Unspecified</pose>
		<truncated>0</truncated>
		<difficult>0</difficult>
		<occluded>0</occluded>
		<bndbox>
			<xmin>122</xmin>
			<xmax>206</xmax>
			<ymin>30</ymin>
			<ymax>205</ymax>
		</bndbox>
	</object>
	<object>
		<name>karton</name>
		<pose>Unspecified</pose>
		<truncated>0</truncated>
		<difficult>0</difficult>
		<occluded>0</occluded>
		<bndbox>
			<xmin>25</xmin>
			<xmax>199</xmax>
			<ymin>157</ymin>
			<ymax>417</ymax>
		</bndbox>
	</object>
</annotation>
