<annotation>
	<folder></folder>
	<filename>000006--3-_JPG_jpg.rf.5c0e1393b753cf1acb0ab44ed4432748.jpg</filename>
	<path>000006--3-_JPG_jpg.rf.5c0e1393b753cf1acb0ab44ed4432748.jpg</path>
	<source>
		<database>roboflow.ai</database>
	</source>
	<size>
		<width>416</width>
		<height>416</height>
		<depth>3</depth>
	</size>
	<segmented>0</segmented>
	<object>
		<name>kagit</name>
		<pose>Unspecified</pose>
		<truncated>0</truncated>
		<difficult>0</difficult>
		<occluded>0</occluded>
		<bndbox>
			<xmin>341</xmin>
			<xmax>369</xmax>
			<ymin>228</ymin>
			<ymax>286</ymax>
		</bndbox>
	</object>
</annotation>
