<annotation>
	<folder></folder>
	<filename>000002--7-_jpg.rf.81361ffcfe285d5175412a99bcdd870b.jpg</filename>
	<path>000002--7-_jpg.rf.81361ffcfe285d5175412a99bcdd870b.jpg</path>
	<source>
		<database>roboflow.ai</database>
	</source>
	<size>
		<width>416</width>
		<height>416</height>
		<depth>3</depth>
	</size>
	<segmented>0</segmented>
	<object>
		<name>plastik</name>
		<pose>Unspecified</pose>
		<truncated>0</truncated>
		<difficult>0</difficult>
		<occluded>0</occluded>
		<bndbox>
			<xmin>144</xmin>
			<xmax>193</xmax>
			<ymin>128</ymin>
			<ymax>171</ymax>
		</bndbox>
	</object>
</annotation>
