<annotation>
	<folder></folder>
	<filename>000001--10-_jpg.rf.f1aac0a8eba650160e39935c5686e735.jpg</filename>
	<path>000001--10-_jpg.rf.f1aac0a8eba650160e39935c5686e735.jpg</path>
	<source>
		<database>roboflow.ai</database>
	</source>
	<size>
		<width>416</width>
		<height>416</height>
		<depth>3</depth>
	</size>
	<segmented>0</segmented>
	<object>
		<name>karton</name>
		<pose>Unspecified</pose>
		<truncated>0</truncated>
		<difficult>0</difficult>
		<occluded>0</occluded>
		<bndbox>
			<xmin>181</xmin>
			<xmax>260</xmax>
			<ymin>191</ymin>
			<ymax>249</ymax>
		</bndbox>
	</object>
</annotation>
