<annotation>
	<folder></folder>
	<filename>000007--5-_JPG_jpg.rf.eefad70fb28d5f8cc0afb861da4b0d8a.jpg</filename>
	<path>000007--5-_JPG_jpg.rf.eefad70fb28d5f8cc0afb861da4b0d8a.jpg</path>
	<source>
		<database>roboflow.ai</database>
	</source>
	<size>
		<width>416</width>
		<height>416</height>
		<depth>3</depth>
	</size>
	<segmented>0</segmented>
	<object>
		<name>plastik</name>
		<pose>Unspecified</pose>
		<truncated>0</truncated>
		<difficult>0</difficult>
		<occluded>0</occluded>
		<bndbox>
			<xmin>5</xmin>
			<xmax>269</xmax>
			<ymin>181</ymin>
			<ymax>300</ymax>
		</bndbox>
	</object>
</annotation>
