<annotation>
	<folder></folder>
	<filename>000011--10-_jpg.rf.f10eef0d063b7833f886615210cd2000.jpg</filename>
	<path>000011--10-_jpg.rf.f10eef0d063b7833f886615210cd2000.jpg</path>
	<source>
		<database>roboflow.ai</database>
	</source>
	<size>
		<width>416</width>
		<height>416</height>
		<depth>3</depth>
	</size>
	<segmented>0</segmented>
	<object>
		<name>kagit</name>
		<pose>Unspecified</pose>
		<truncated>0</truncated>
		<difficult>0</difficult>
		<occluded>0</occluded>
		<bndbox>
			<xmin>2</xmin>
			<xmax>342</xmax>
			<ymin>78</ymin>
			<ymax>257</ymax>
		</bndbox>
	</object>
</annotation>
