<annotation>
	<folder></folder>
	<filename>000016--5-_JPG_jpg.rf.ace4ecb940746beee54de7a8adbb91ad.jpg</filename>
	<path>000016--5-_JPG_jpg.rf.ace4ecb940746beee54de7a8adbb91ad.jpg</path>
	<source>
		<database>roboflow.ai</database>
	</source>
	<size>
		<width>416</width>
		<height>416</height>
		<depth>3</depth>
	</size>
	<segmented>0</segmented>
	<object>
		<name>plastik</name>
		<pose>Unspecified</pose>
		<truncated>0</truncated>
		<difficult>0</difficult>
		<occluded>0</occluded>
		<bndbox>
			<xmin>108</xmin>
			<xmax>124</xmax>
			<ymin>298</ymin>
			<ymax>356</ymax>
		</bndbox>
	</object>
</annotation>
