<annotation>
	<folder></folder>
	<filename>000008--7-_jpg.rf.17aef54c9f3dcb4d0dc1468cdc25e69b.jpg</filename>
	<path>000008--7-_jpg.rf.17aef54c9f3dcb4d0dc1468cdc25e69b.jpg</path>
	<source>
		<database>roboflow.ai</database>
	</source>
	<size>
		<width>416</width>
		<height>416</height>
		<depth>3</depth>
	</size>
	<segmented>0</segmented>
	<object>
		<name>metal</name>
		<pose>Unspecified</pose>
		<truncated>0</truncated>
		<difficult>0</difficult>
		<occluded>0</occluded>
		<bndbox>
			<xmin>147</xmin>
			<xmax>223</xmax>
			<ymin>122</ymin>
			<ymax>188</ymax>
		</bndbox>
	</object>
</annotation>
