<annotation>
	<folder></folder>
	<filename>000000_jpg.rf.b81f4fe3a95da169f039aec5aeb65873.jpg</filename>
	<path>000000_jpg.rf.b81f4fe3a95da169f039aec5aeb65873.jpg</path>
	<source>
		<database>roboflow.ai</database>
	</source>
	<size>
		<width>416</width>
		<height>416</height>
		<depth>3</depth>
	</size>
	<segmented>0</segmented>
	<object>
		<name>plastik</name>
		<pose>Unspecified</pose>
		<truncated>0</truncated>
		<difficult>0</difficult>
		<occluded>0</occluded>
		<bndbox>
			<xmin>193</xmin>
			<xmax>237</xmax>
			<ymin>249</ymin>
			<ymax>291</ymax>
		</bndbox>
	</object>
</annotation>
