<annotation>
	<folder></folder>
	<filename>000018--3-_JPG_jpg.rf.ee7b31f57c644e26977bd01655368180.jpg</filename>
	<path>000018--3-_JPG_jpg.rf.ee7b31f57c644e26977bd01655368180.jpg</path>
	<source>
		<database>roboflow.ai</database>
	</source>
	<size>
		<width>416</width>
		<height>416</height>
		<depth>3</depth>
	</size>
	<segmented>0</segmented>
	<object>
		<name>plastik</name>
		<pose>Unspecified</pose>
		<truncated>0</truncated>
		<difficult>0</difficult>
		<occluded>0</occluded>
		<bndbox>
			<xmin>147</xmin>
			<xmax>189</xmax>
			<ymin>178</ymin>
			<ymax>249</ymax>
		</bndbox>
	</object>
</annotation>
