<annotation>
	<folder></folder>
	<filename>000003--5-_JPG_jpg.rf.c3867188910ffb4452b7a9771eb889e0.jpg</filename>
	<path>000003--5-_JPG_jpg.rf.c3867188910ffb4452b7a9771eb889e0.jpg</path>
	<source>
		<database>roboflow.ai</database>
	</source>
	<size>
		<width>416</width>
		<height>416</height>
		<depth>3</depth>
	</size>
	<segmented>0</segmented>
	<object>
		<name>metal</name>
		<pose>Unspecified</pose>
		<truncated>0</truncated>
		<difficult>0</difficult>
		<occluded>0</occluded>
		<bndbox>
			<xmin>303</xmin>
			<xmax>319</xmax>
			<ymin>158</ymin>
			<ymax>172</ymax>
		</bndbox>
	</object>
</annotation>
