<annotation>
	<folder></folder>
	<filename>000004--4-_JPG_jpg.rf.8f159eebb66ef98c868104fc99515642.jpg</filename>
	<path>000004--4-_JPG_jpg.rf.8f159eebb66ef98c868104fc99515642.jpg</path>
	<source>
		<database>roboflow.ai</database>
	</source>
	<size>
		<width>416</width>
		<height>416</height>
		<depth>3</depth>
	</size>
	<segmented>0</segmented>
	<object>
		<name>plastik</name>
		<pose>Unspecified</pose>
		<truncated>0</truncated>
		<difficult>0</difficult>
		<occluded>0</occluded>
		<bndbox>
			<xmin>117</xmin>
			<xmax>159</xmax>
			<ymin>107</ymin>
			<ymax>150</ymax>
		</bndbox>
	</object>
</annotation>
