<annotation>
	<folder></folder>
	<filename>000008--4-_JPG_jpg.rf.83680fe15f21afa2ab5ca23f8381de89.jpg</filename>
	<path>000008--4-_JPG_jpg.rf.83680fe15f21afa2ab5ca23f8381de89.jpg</path>
	<source>
		<database>roboflow.ai</database>
	</source>
	<size>
		<width>416</width>
		<height>416</height>
		<depth>3</depth>
	</size>
	<segmented>0</segmented>
	<object>
		<name>plastik</name>
		<pose>Unspecified</pose>
		<truncated>0</truncated>
		<difficult>0</difficult>
		<occluded>0</occluded>
		<bndbox>
			<xmin>154</xmin>
			<xmax>244</xmax>
			<ymin>183</ymin>
			<ymax>221</ymax>
		</bndbox>
	</object>
</annotation>
