<annotation>
	<folder></folder>
	<filename>000005--2-_JPG_jpg.rf.bf55d4ccde6167095f114c84e117f7d3.jpg</filename>
	<path>000005--2-_JPG_jpg.rf.bf55d4ccde6167095f114c84e117f7d3.jpg</path>
	<source>
		<database>roboflow.ai</database>
	</source>
	<size>
		<width>416</width>
		<height>416</height>
		<depth>3</depth>
	</size>
	<segmented>0</segmented>
	<object>
		<name>plastik</name>
		<pose>Unspecified</pose>
		<truncated>0</truncated>
		<difficult>0</difficult>
		<occluded>0</occluded>
		<bndbox>
			<xmin>57</xmin>
			<xmax>255</xmax>
			<ymin>98</ymin>
			<ymax>243</ymax>
		</bndbox>
	</object>
	<object>
		<name>plastik</name>
		<pose>Unspecified</pose>
		<truncated>0</truncated>
		<difficult>0</difficult>
		<occluded>0</occluded>
		<bndbox>
			<xmin>125</xmin>
			<xmax>370</xmax>
			<ymin>199</ymin>
			<ymax>330</ymax>
		</bndbox>
	</object>
	<object>
		<name>karton</name>
		<pose>Unspecified</pose>
		<truncated>0</truncated>
		<difficult>0</difficult>
		<occluded>0</occluded>
		<bndbox>
			<xmin>3</xmin>
			<xmax>180</xmax>
			<ymin>200</ymin>
			<ymax>407</ymax>
		</bndbox>
	</object>
	<object>
		<name>kagit</name>
		<pose>Unspecified</pose>
		<truncated>0</truncated>
		<difficult>0</difficult>
		<occluded>0</occluded>
		<bndbox>
			<xmin>159</xmin>
			<xmax>291</xmax>
			<ymin>290</ymin>
			<ymax>369</ymax>
		</bndbox>
	</object>
</annotation>
