<annotation>
	<folder></folder>
	<filename>000002--3-_JPG_jpg.rf.93099842e635f931a5aa52aefae9072b.jpg</filename>
	<path>000002--3-_JPG_jpg.rf.93099842e635f931a5aa52aefae9072b.jpg</path>
	<source>
		<database>roboflow.ai</database>
	</source>
	<size>
		<width>416</width>
		<height>416</height>
		<depth>3</depth>
	</size>
	<segmented>0</segmented>
	<object>
		<name>karton</name>
		<pose>Unspecified</pose>
		<truncated>0</truncated>
		<difficult>0</difficult>
		<occluded>0</occluded>
		<bndbox>
			<xmin>147</xmin>
			<xmax>246</xmax>
			<ymin>178</ymin>
			<ymax>324</ymax>
		</bndbox>
	</object>
	<object>
		<name>karton</name>
		<pose>Unspecified</pose>
		<truncated>0</truncated>
		<difficult>0</difficult>
		<occluded>0</occluded>
		<bndbox>
			<xmin>249</xmin>
			<xmax>321</xmax>
			<ymin>93</ymin>
			<ymax>155</ymax>
		</bndbox>
	</object>
</annotation>
