<annotation>
	<folder></folder>
	<filename>000017--6-_jpg.rf.d3921b042b2c597623af28a969ce7942.jpg</filename>
	<path>000017--6-_jpg.rf.d3921b042b2c597623af28a969ce7942.jpg</path>
	<source>
		<database>roboflow.ai</database>
	</source>
	<size>
		<width>416</width>
		<height>416</height>
		<depth>3</depth>
	</size>
	<segmented>0</segmented>
	<object>
		<name>metal</name>
		<pose>Unspecified</pose>
		<truncated>0</truncated>
		<difficult>0</difficult>
		<occluded>0</occluded>
		<bndbox>
			<xmin>182</xmin>
			<xmax>192</xmax>
			<ymin>202</ymin>
			<ymax>210</ymax>
		</bndbox>
	</object>
</annotation>
