<annotation>
	<folder></folder>
	<filename>000006--11-_jpg.rf.5fb1dda799824a8e38649b2e45c7fbed.jpg</filename>
	<path>000006--11-_jpg.rf.5fb1dda799824a8e38649b2e45c7fbed.jpg</path>
	<source>
		<database>roboflow.ai</database>
	</source>
	<size>
		<width>416</width>
		<height>416</height>
		<depth>3</depth>
	</size>
	<segmented>0</segmented>
	<object>
		<name>plastik</name>
		<pose>Unspecified</pose>
		<truncated>0</truncated>
		<difficult>0</difficult>
		<occluded>0</occluded>
		<bndbox>
			<xmin>157</xmin>
			<xmax>257</xmax>
			<ymin>204</ymin>
			<ymax>266</ymax>
		</bndbox>
	</object>
</annotation>
