<annotation>
	<folder></folder>
	<filename>000016--2-_JPG_jpg.rf.ca608438c386336809109b1f1becc1ee.jpg</filename>
	<path>000016--2-_JPG_jpg.rf.ca608438c386336809109b1f1becc1ee.jpg</path>
	<source>
		<database>roboflow.ai</database>
	</source>
	<size>
		<width>416</width>
		<height>416</height>
		<depth>3</depth>
	</size>
	<segmented>0</segmented>
	<object>
		<name>plastik</name>
		<pose>Unspecified</pose>
		<truncated>0</truncated>
		<difficult>0</difficult>
		<occluded>0</occluded>
		<bndbox>
			<xmin>168</xmin>
			<xmax>228</xmax>
			<ymin>150</ymin>
			<ymax>232</ymax>
		</bndbox>
	</object>
</annotation>
