<annotation>
	<folder></folder>
	<filename>000012--10-_jpg.rf.81fd2dec325eb7a71e7d35b9c8a2aae7.jpg</filename>
	<path>000012--10-_jpg.rf.81fd2dec325eb7a71e7d35b9c8a2aae7.jpg</path>
	<source>
		<database>roboflow.ai</database>
	</source>
	<size>
		<width>416</width>
		<height>416</height>
		<depth>3</depth>
	</size>
	<segmented>0</segmented>
	<object>
		<name>plastik</name>
		<pose>Unspecified</pose>
		<truncated>0</truncated>
		<difficult>0</difficult>
		<occluded>0</occluded>
		<bndbox>
			<xmin>94</xmin>
			<xmax>278</xmax>
			<ymin>93</ymin>
			<ymax>257</ymax>
		</bndbox>
	</object>
</annotation>
