<annotation>
	<folder></folder>
	<filename>000000--10-_jpg.rf.5c670e2f176d027b5d1f98bbd9087b58.jpg</filename>
	<path>000000--10-_jpg.rf.5c670e2f176d027b5d1f98bbd9087b58.jpg</path>
	<source>
		<database>roboflow.ai</database>
	</source>
	<size>
		<width>416</width>
		<height>416</height>
		<depth>3</depth>
	</size>
	<segmented>0</segmented>
	<object>
		<name>kopuk</name>
		<pose>Unspecified</pose>
		<truncated>0</truncated>
		<difficult>0</difficult>
		<occluded>0</occluded>
		<bndbox>
			<xmin>138</xmin>
			<xmax>370</xmax>
			<ymin>98</ymin>
			<ymax>280</ymax>
		</bndbox>
	</object>
</annotation>
