<annotation>
	<folder></folder>
	<filename>000019--9-_jpg.rf.571587eee5cae4113bd181871e846fe7.jpg</filename>
	<path>000019--9-_jpg.rf.571587eee5cae4113bd181871e846fe7.jpg</path>
	<source>
		<database>roboflow.ai</database>
	</source>
	<size>
		<width>416</width>
		<height>416</height>
		<depth>3</depth>
	</size>
	<segmented>0</segmented>
	<object>
		<name>kagit</name>
		<pose>Unspecified</pose>
		<truncated>0</truncated>
		<difficult>0</difficult>
		<occluded>0</occluded>
		<bndbox>
			<xmin>254</xmin>
			<xmax>284</xmax>
			<ymin>152</ymin>
			<ymax>196</ymax>
		</bndbox>
	</object>
</annotation>
