<annotation>
	<folder></folder>
	<filename>000009--5-_jpg.rf.1b2a92de58a922e2f56c6cbc7d795c09.jpg</filename>
	<path>000009--5-_jpg.rf.1b2a92de58a922e2f56c6cbc7d795c09.jpg</path>
	<source>
		<database>roboflow.ai</database>
	</source>
	<size>
		<width>416</width>
		<height>416</height>
		<depth>3</depth>
	</size>
	<segmented>0</segmented>
	<object>
		<name>metal</name>
		<pose>Unspecified</pose>
		<truncated>0</truncated>
		<difficult>0</difficult>
		<occluded>0</occluded>
		<bndbox>
			<xmin>200</xmin>
			<xmax>236</xmax>
			<ymin>187</ymin>
			<ymax>236</ymax>
		</bndbox>
	</object>
</annotation>
