<annotation>
	<folder></folder>
	<filename>000011--6-_jpg.rf.34377641b771b8826072b9fd14b83698.jpg</filename>
	<path>000011--6-_jpg.rf.34377641b771b8826072b9fd14b83698.jpg</path>
	<source>
		<database>roboflow.ai</database>
	</source>
	<size>
		<width>416</width>
		<height>416</height>
		<depth>3</depth>
	</size>
	<segmented>0</segmented>
	<object>
		<name>plastik</name>
		<pose>Unspecified</pose>
		<truncated>0</truncated>
		<difficult>0</difficult>
		<occluded>0</occluded>
		<bndbox>
			<xmin>177</xmin>
			<xmax>205</xmax>
			<ymin>216</ymin>
			<ymax>281</ymax>
		</bndbox>
	</object>
</annotation>
