<annotation>
	<folder></folder>
	<filename>000003--4-_JPG_jpg.rf.a655a10d309df1438ea117588f7d185a.jpg</filename>
	<path>000003--4-_JPG_jpg.rf.a655a10d309df1438ea117588f7d185a.jpg</path>
	<source>
		<database>roboflow.ai</database>
	</source>
	<size>
		<width>416</width>
		<height>416</height>
		<depth>3</depth>
	</size>
	<segmented>0</segmented>
	<object>
		<name>plastik</name>
		<pose>Unspecified</pose>
		<truncated>0</truncated>
		<difficult>0</difficult>
		<occluded>0</occluded>
		<bndbox>
			<xmin>231</xmin>
			<xmax>271</xmax>
			<ymin>182</ymin>
			<ymax>214</ymax>
		</bndbox>
	</object>
</annotation>
