<annotation>
	<folder></folder>
	<filename>000010--4-_JPG_jpg.rf.725564dedf9f5c0cb85403902a76d064.jpg</filename>
	<path>000010--4-_JPG_jpg.rf.725564dedf9f5c0cb85403902a76d064.jpg</path>
	<source>
		<database>roboflow.ai</database>
	</source>
	<size>
		<width>416</width>
		<height>416</height>
		<depth>3</depth>
	</size>
	<segmented>0</segmented>
	<object>
		<name>plastik</name>
		<pose>Unspecified</pose>
		<truncated>0</truncated>
		<difficult>0</difficult>
		<occluded>0</occluded>
		<bndbox>
			<xmin>186</xmin>
			<xmax>254</xmax>
			<ymin>157</ymin>
			<ymax>241</ymax>
		</bndbox>
	</object>
</annotation>
