<annotation>
	<folder></folder>
	<filename>000012--8-_jpg.rf.30877948917264e83297b6a9bef3d1f6.jpg</filename>
	<path>000012--8-_jpg.rf.30877948917264e83297b6a9bef3d1f6.jpg</path>
	<source>
		<database>roboflow.ai</database>
	</source>
	<size>
		<width>416</width>
		<height>416</height>
		<depth>3</depth>
	</size>
	<segmented>0</segmented>
	<object>
		<name>plastik</name>
		<pose>Unspecified</pose>
		<truncated>0</truncated>
		<difficult>0</difficult>
		<occluded>0</occluded>
		<bndbox>
			<xmin>151</xmin>
			<xmax>167</xmax>
			<ymin>327</ymin>
			<ymax>372</ymax>
		</bndbox>
	</object>
</annotation>
