<annotation>
	<folder></folder>
	<filename>000004--8-_jpg.rf.ea95818f825ef413c697e23a37681ca5.jpg</filename>
	<path>000004--8-_jpg.rf.ea95818f825ef413c697e23a37681ca5.jpg</path>
	<source>
		<database>roboflow.ai</database>
	</source>
	<size>
		<width>416</width>
		<height>416</height>
		<depth>3</depth>
	</size>
	<segmented>0</segmented>
	<object>
		<name>kopuk</name>
		<pose>Unspecified</pose>
		<truncated>0</truncated>
		<difficult>0</difficult>
		<occluded>0</occluded>
		<bndbox>
			<xmin>18</xmin>
			<xmax>396</xmax>
			<ymin>153</ymin>
			<ymax>417</ymax>
		</bndbox>
	</object>
	<object>
		<name>karton</name>
		<pose>Unspecified</pose>
		<truncated>0</truncated>
		<difficult>0</difficult>
		<occluded>0</occluded>
		<bndbox>
			<xmin>140</xmin>
			<xmax>268</xmax>
			<ymin>2</ymin>
			<ymax>161</ymax>
		</bndbox>
	</object>
</annotation>
