<annotation>
	<folder></folder>
	<filename>000006_jpg.rf.418800cabb54b4ace5d6a2ba99ef3889.jpg</filename>
	<path>000006_jpg.rf.418800cabb54b4ace5d6a2ba99ef3889.jpg</path>
	<source>
		<database>roboflow.ai</database>
	</source>
	<size>
		<width>416</width>
		<height>416</height>
		<depth>3</depth>
	</size>
	<segmented>0</segmented>
	<object>
		<name>cam</name>
		<pose>Unspecified</pose>
		<truncated>0</truncated>
		<difficult>0</difficult>
		<occluded>0</occluded>
		<bndbox>
			<xmin>118</xmin>
			<xmax>394</xmax>
			<ymin>153</ymin>
			<ymax>279</ymax>
		</bndbox>
	</object>
</annotation>
