<annotation>
	<folder></folder>
	<filename>000016--3-_JPG_jpg.rf.afe3e65d0b6aba6a3fa91ac10bd8071a.jpg</filename>
	<path>000016--3-_JPG_jpg.rf.afe3e65d0b6aba6a3fa91ac10bd8071a.jpg</path>
	<source>
		<database>roboflow.ai</database>
	</source>
	<size>
		<width>416</width>
		<height>416</height>
		<depth>3</depth>
	</size>
	<segmented>0</segmented>
	<object>
		<name>plastik</name>
		<pose>Unspecified</pose>
		<truncated>0</truncated>
		<difficult>0</difficult>
		<occluded>0</occluded>
		<bndbox>
			<xmin>196</xmin>
			<xmax>264</xmax>
			<ymin>126</ymin>
			<ymax>160</ymax>
		</bndbox>
	</object>
</annotation>
