<annotation>
	<folder></folder>
	<filename>000018--9-_jpg.rf.f82289648c1a42494d57e52039c36192.jpg</filename>
	<path>000018--9-_jpg.rf.f82289648c1a42494d57e52039c36192.jpg</path>
	<source>
		<database>roboflow.ai</database>
	</source>
	<size>
		<width>416</width>
		<height>416</height>
		<depth>3</depth>
	</size>
	<segmented>0</segmented>
	<object>
		<name>plastik</name>
		<pose>Unspecified</pose>
		<truncated>0</truncated>
		<difficult>0</difficult>
		<occluded>0</occluded>
		<bndbox>
			<xmin>223</xmin>
			<xmax>405</xmax>
			<ymin>71</ymin>
			<ymax>130</ymax>
		</bndbox>
	</object>
</annotation>
