<annotation>
	<folder></folder>
	<filename>000019--5-_JPG_jpg.rf.3a4be6ea318358b13d381cb29a716372.jpg</filename>
	<path>000019--5-_JPG_jpg.rf.3a4be6ea318358b13d381cb29a716372.jpg</path>
	<source>
		<database>roboflow.ai</database>
	</source>
	<size>
		<width>416</width>
		<height>416</height>
		<depth>3</depth>
	</size>
	<segmented>0</segmented>
	<object>
		<name>plastik</name>
		<pose>Unspecified</pose>
		<truncated>0</truncated>
		<difficult>0</difficult>
		<occluded>0</occluded>
		<bndbox>
			<xmin>176</xmin>
			<xmax>281</xmax>
			<ymin>120</ymin>
			<ymax>238</ymax>
		</bndbox>
	</object>
</annotation>
