<annotation>
	<folder></folder>
	<filename>000015--2-_JPG_jpg.rf.33bce4ebdf573c81fc94f4bdcd1d6d90.jpg</filename>
	<path>000015--2-_JPG_jpg.rf.33bce4ebdf573c81fc94f4bdcd1d6d90.jpg</path>
	<source>
		<database>roboflow.ai</database>
	</source>
	<size>
		<width>416</width>
		<height>416</height>
		<depth>3</depth>
	</size>
	<segmented>0</segmented>
	<object>
		<name>karton</name>
		<pose>Unspecified</pose>
		<truncated>0</truncated>
		<difficult>0</difficult>
		<occluded>0</occluded>
		<bndbox>
			<xmin>211</xmin>
			<xmax>293</xmax>
			<ymin>218</ymin>
			<ymax>262</ymax>
		</bndbox>
	</object>
</annotation>
