<annotation>
	<folder></folder>
	<filename>000005_jpg.rf.2dc49595c07c87ac9a0ce38c56607d2e.jpg</filename>
	<path>000005_jpg.rf.2dc49595c07c87ac9a0ce38c56607d2e.jpg</path>
	<source>
		<database>roboflow.ai</database>
	</source>
	<size>
		<width>416</width>
		<height>416</height>
		<depth>3</depth>
	</size>
	<segmented>0</segmented>
	<object>
		<name>plastik</name>
		<pose>Unspecified</pose>
		<truncated>0</truncated>
		<difficult>0</difficult>
		<occluded>0</occluded>
		<bndbox>
			<xmin>169</xmin>
			<xmax>195</xmax>
			<ymin>113</ymin>
			<ymax>162</ymax>
		</bndbox>
	</object>
</annotation>
