<annotation>
	<folder></folder>
	<filename>000017--8-_jpg.rf.704b4e3aba7d9859f53baa51bc223751.jpg</filename>
	<path>000017--8-_jpg.rf.704b4e3aba7d9859f53baa51bc223751.jpg</path>
	<source>
		<database>roboflow.ai</database>
	</source>
	<size>
		<width>416</width>
		<height>416</height>
		<depth>3</depth>
	</size>
	<segmented>0</segmented>
	<object>
		<name>kagit</name>
		<pose>Unspecified</pose>
		<truncated>0</truncated>
		<difficult>0</difficult>
		<occluded>0</occluded>
		<bndbox>
			<xmin>199</xmin>
			<xmax>253</xmax>
			<ymin>267</ymin>
			<ymax>277</ymax>
		</bndbox>
	</object>
</annotation>
