<annotation>
	<folder></folder>
	<filename>000007--8-_jpg.rf.0759ec77a9ea23f7c81e3c9e65f13715.jpg</filename>
	<path>000007--8-_jpg.rf.0759ec77a9ea23f7c81e3c9e65f13715.jpg</path>
	<source>
		<database>roboflow.ai</database>
	</source>
	<size>
		<width>416</width>
		<height>416</height>
		<depth>3</depth>
	</size>
	<segmented>0</segmented>
	<object>
		<name>plastik</name>
		<pose>Unspecified</pose>
		<truncated>0</truncated>
		<difficult>0</difficult>
		<occluded>0</occluded>
		<bndbox>
			<xmin>128</xmin>
			<xmax>145</xmax>
			<ymin>36</ymin>
			<ymax>88</ymax>
		</bndbox>
	</object>
</annotation>
