<annotation>
	<folder></folder>
	<filename>000002--6-_jpg.rf.66210f32fe8533bc9334f47e33818a2a.jpg</filename>
	<path>000002--6-_jpg.rf.66210f32fe8533bc9334f47e33818a2a.jpg</path>
	<source>
		<database>roboflow.ai</database>
	</source>
	<size>
		<width>416</width>
		<height>416</height>
		<depth>3</depth>
	</size>
	<segmented>0</segmented>
	<object>
		<name>plastik</name>
		<pose>Unspecified</pose>
		<truncated>0</truncated>
		<difficult>0</difficult>
		<occluded>0</occluded>
		<bndbox>
			<xmin>185</xmin>
			<xmax>279</xmax>
			<ymin>291</ymin>
			<ymax>334</ymax>
		</bndbox>
	</object>
</annotation>
