<annotation>
	<folder></folder>
	<filename>000003--6-_jpg.rf.a96e2489e25a7f55cd2efa00a0df3a5b.jpg</filename>
	<path>000003--6-_jpg.rf.a96e2489e25a7f55cd2efa00a0df3a5b.jpg</path>
	<source>
		<database>roboflow.ai</database>
	</source>
	<size>
		<width>416</width>
		<height>416</height>
		<depth>3</depth>
	</size>
	<segmented>0</segmented>
	<object>
		<name>plastik</name>
		<pose>Unspecified</pose>
		<truncated>0</truncated>
		<difficult>0</difficult>
		<occluded>0</occluded>
		<bndbox>
			<xmin>153</xmin>
			<xmax>199</xmax>
			<ymin>147</ymin>
			<ymax>189</ymax>
		</bndbox>
	</object>
</annotation>
