<annotation>
	<folder></folder>
	<filename>000005--8-_jpg.rf.ed794915687ac6821a9b8ac0978f07c1.jpg</filename>
	<path>000005--8-_jpg.rf.ed794915687ac6821a9b8ac0978f07c1.jpg</path>
	<source>
		<database>roboflow.ai</database>
	</source>
	<size>
		<width>416</width>
		<height>416</height>
		<depth>3</depth>
	</size>
	<segmented>0</segmented>
	<object>
		<name>plastik</name>
		<pose>Unspecified</pose>
		<truncated>0</truncated>
		<difficult>0</difficult>
		<occluded>0</occluded>
		<bndbox>
			<xmin>204</xmin>
			<xmax>281</xmax>
			<ymin>135</ymin>
			<ymax>177</ymax>
		</bndbox>
	</object>
</annotation>
