<annotation>
	<folder></folder>
	<filename>000006--9-_jpg.rf.f3a9b1124bccdebe104ba4d828cc82e1.jpg</filename>
	<path>000006--9-_jpg.rf.f3a9b1124bccdebe104ba4d828cc82e1.jpg</path>
	<source>
		<database>roboflow.ai</database>
	</source>
	<size>
		<width>416</width>
		<height>416</height>
		<depth>3</depth>
	</size>
	<segmented>0</segmented>
	<object>
		<name>plastik</name>
		<pose>Unspecified</pose>
		<truncated>0</truncated>
		<difficult>0</difficult>
		<occluded>0</occluded>
		<bndbox>
			<xmin>226</xmin>
			<xmax>284</xmax>
			<ymin>208</ymin>
			<ymax>302</ymax>
		</bndbox>
	</object>
	<object>
		<name>plastik</name>
		<pose>Unspecified</pose>
		<truncated>0</truncated>
		<difficult>0</difficult>
		<occluded>0</occluded>
		<bndbox>
			<xmin>224</xmin>
			<xmax>264</xmax>
			<ymin>256</ymin>
			<ymax>338</ymax>
		</bndbox>
	</object>
</annotation>
