<annotation>
	<folder></folder>
	<filename>000011--10-_jpg.rf.5874067246fa7322d932dcf37ee10e85.jpg</filename>
	<path>000011--10-_jpg.rf.5874067246fa7322d932dcf37ee10e85.jpg</path>
	<source>
		<database>roboflow.ai</database>
	</source>
	<size>
		<width>416</width>
		<height>416</height>
		<depth>3</depth>
	</size>
	<segmented>0</segmented>
	<object>
		<name>kagit</name>
		<pose>Unspecified</pose>
		<truncated>0</truncated>
		<difficult>0</difficult>
		<occluded>0</occluded>
		<bndbox>
			<xmin>77</xmin>
			<xmax>417</xmax>
			<ymin>161</ymin>
			<ymax>340</ymax>
		</bndbox>
	</object>
</annotation>
