<annotation>
	<folder></folder>
	<filename>000020--4-_JPG_jpg.rf.00971538cef28b014c196fba9654c4ad.jpg</filename>
	<path>000020--4-_JPG_jpg.rf.00971538cef28b014c196fba9654c4ad.jpg</path>
	<source>
		<database>roboflow.ai</database>
	</source>
	<size>
		<width>416</width>
		<height>416</height>
		<depth>3</depth>
	</size>
	<segmented>0</segmented>
	<object>
		<name>plastik</name>
		<pose>Unspecified</pose>
		<truncated>0</truncated>
		<difficult>0</difficult>
		<occluded>0</occluded>
		<bndbox>
			<xmin>225</xmin>
			<xmax>247</xmax>
			<ymin>212</ymin>
			<ymax>250</ymax>
		</bndbox>
	</object>
</annotation>
