<annotation>
	<folder></folder>
	<filename>000020--6-_jpg.rf.cc814e40095b0cd3105eb04b9687a50d.jpg</filename>
	<path>000020--6-_jpg.rf.cc814e40095b0cd3105eb04b9687a50d.jpg</path>
	<source>
		<database>roboflow.ai</database>
	</source>
	<size>
		<width>416</width>
		<height>416</height>
		<depth>3</depth>
	</size>
	<segmented>0</segmented>
	<object>
		<name>cam</name>
		<pose>Unspecified</pose>
		<truncated>0</truncated>
		<difficult>0</difficult>
		<occluded>0</occluded>
		<bndbox>
			<xmin>330</xmin>
			<xmax>358</xmax>
			<ymin>179</ymin>
			<ymax>191</ymax>
		</bndbox>
	</object>
	<object>
		<name>metal</name>
		<pose>Unspecified</pose>
		<truncated>0</truncated>
		<difficult>0</difficult>
		<occluded>0</occluded>
		<bndbox>
			<xmin>331</xmin>
			<xmax>341</xmax>
			<ymin>243</ymin>
			<ymax>262</ymax>
		</bndbox>
	</object>
</annotation>
