<annotation>
	<folder></folder>
	<filename>000005--10-_jpg.rf.21f0c01a9c03836b50ed1cdc30e695da.jpg</filename>
	<path>000005--10-_jpg.rf.21f0c01a9c03836b50ed1cdc30e695da.jpg</path>
	<source>
		<database>roboflow.ai</database>
	</source>
	<size>
		<width>416</width>
		<height>416</height>
		<depth>3</depth>
	</size>
	<segmented>0</segmented>
	<object>
		<name>karton</name>
		<pose>Unspecified</pose>
		<truncated>0</truncated>
		<difficult>0</difficult>
		<occluded>0</occluded>
		<bndbox>
			<xmin>40</xmin>
			<xmax>416</xmax>
			<ymin>125</ymin>
			<ymax>300</ymax>
		</bndbox>
	</object>
	<object>
		<name>kopuk</name>
		<pose>Unspecified</pose>
		<truncated>0</truncated>
		<difficult>0</difficult>
		<occluded>0</occluded>
		<bndbox>
			<xmin>141</xmin>
			<xmax>416</xmax>
			<ymin>198</ymin>
			<ymax>286</ymax>
		</bndbox>
	</object>
</annotation>
