<annotation>
	<folder></folder>
	<filename>000000--9-_jpg.rf.7cd96b08ee0faac0a6547e5cd0d23acf.jpg</filename>
	<path>000000--9-_jpg.rf.7cd96b08ee0faac0a6547e5cd0d23acf.jpg</path>
	<source>
		<database>roboflow.ai</database>
	</source>
	<size>
		<width>416</width>
		<height>416</height>
		<depth>3</depth>
	</size>
	<segmented>0</segmented>
	<object>
		<name>plastik</name>
		<pose>Unspecified</pose>
		<truncated>0</truncated>
		<difficult>0</difficult>
		<occluded>0</occluded>
		<bndbox>
			<xmin>135</xmin>
			<xmax>151</xmax>
			<ymin>317</ymin>
			<ymax>401</ymax>
		</bndbox>
	</object>
</annotation>
