<annotation>
	<folder></folder>
	<filename>000018--7-_jpg.rf.d3d1fd95c0ebf65bcc48410f1f5c026b.jpg</filename>
	<path>000018--7-_jpg.rf.d3d1fd95c0ebf65bcc48410f1f5c026b.jpg</path>
	<source>
		<database>roboflow.ai</database>
	</source>
	<size>
		<width>416</width>
		<height>416</height>
		<depth>3</depth>
	</size>
	<segmented>0</segmented>
	<object>
		<name>plastik</name>
		<pose>Unspecified</pose>
		<truncated>0</truncated>
		<difficult>0</difficult>
		<occluded>0</occluded>
		<bndbox>
			<xmin>274</xmin>
			<xmax>338</xmax>
			<ymin>163</ymin>
			<ymax>277</ymax>
		</bndbox>
	</object>
</annotation>
