<annotation>
	<folder></folder>
	<filename>000002_JPG_jpg.rf.f6f0331d3e2f959833f8866623553d11.jpg</filename>
	<path>000002_JPG_jpg.rf.f6f0331d3e2f959833f8866623553d11.jpg</path>
	<source>
		<database>roboflow.ai</database>
	</source>
	<size>
		<width>416</width>
		<height>416</height>
		<depth>3</depth>
	</size>
	<segmented>0</segmented>
	<object>
		<name>kagit</name>
		<pose>Unspecified</pose>
		<truncated>0</truncated>
		<difficult>0</difficult>
		<occluded>0</occluded>
		<bndbox>
			<xmin>405</xmin>
			<xmax>416</xmax>
			<ymin>190</ymin>
			<ymax>218</ymax>
		</bndbox>
	</object>
	<object>
		<name>kagit</name>
		<pose>Unspecified</pose>
		<truncated>0</truncated>
		<difficult>0</difficult>
		<occluded>0</occluded>
		<bndbox>
			<xmin>181</xmin>
			<xmax>191</xmax>
			<ymin>299</ymin>
			<ymax>311</ymax>
		</bndbox>
	</object>
	<object>
		<name>plastik</name>
		<pose>Unspecified</pose>
		<truncated>0</truncated>
		<difficult>0</difficult>
		<occluded>0</occluded>
		<bndbox>
			<xmin>104</xmin>
			<xmax>112</xmax>
			<ymin>70</ymin>
			<ymax>82</ymax>
		</bndbox>
	</object>
</annotation>
