<annotation>
	<folder></folder>
	<filename>000018--8-_jpg.rf.5ef1bf8c1434cb9df98728066313d97a.jpg</filename>
	<path>000018--8-_jpg.rf.5ef1bf8c1434cb9df98728066313d97a.jpg</path>
	<source>
		<database>roboflow.ai</database>
	</source>
	<size>
		<width>416</width>
		<height>416</height>
		<depth>3</depth>
	</size>
	<segmented>0</segmented>
	<object>
		<name>metal</name>
		<pose>Unspecified</pose>
		<truncated>0</truncated>
		<difficult>0</difficult>
		<occluded>0</occluded>
		<bndbox>
			<xmin>268</xmin>
			<xmax>293</xmax>
			<ymin>144</ymin>
			<ymax>166</ymax>
		</bndbox>
	</object>
</annotation>
