<annotation>
	<folder></folder>
	<filename>000018--9-_jpg.rf.cff545bebc2fcef436778a1194038182.jpg</filename>
	<path>000018--9-_jpg.rf.cff545bebc2fcef436778a1194038182.jpg</path>
	<source>
		<database>roboflow.ai</database>
	</source>
	<size>
		<width>416</width>
		<height>416</height>
		<depth>3</depth>
	</size>
	<segmented>0</segmented>
	<object>
		<name>plastik</name>
		<pose>Unspecified</pose>
		<truncated>0</truncated>
		<difficult>0</difficult>
		<occluded>0</occluded>
		<bndbox>
			<xmin>288</xmin>
			<xmax>347</xmax>
			<ymin>223</ymin>
			<ymax>405</ymax>
		</bndbox>
	</object>
</annotation>
