<annotation>
	<folder></folder>
	<filename>000012_jpg.rf.3cd232163eea2b947d69b0e23aaf3bad.jpg</filename>
	<path>000012_jpg.rf.3cd232163eea2b947d69b0e23aaf3bad.jpg</path>
	<source>
		<database>roboflow.ai</database>
	</source>
	<size>
		<width>416</width>
		<height>416</height>
		<depth>3</depth>
	</size>
	<segmented>0</segmented>
	<object>
		<name>cam</name>
		<pose>Unspecified</pose>
		<truncated>0</truncated>
		<difficult>0</difficult>
		<occluded>0</occluded>
		<bndbox>
			<xmin>124</xmin>
			<xmax>190</xmax>
			<ymin>104</ymin>
			<ymax>218</ymax>
		</bndbox>
	</object>
</annotation>
