<annotation>
	<folder></folder>
	<filename>000006--9-_jpg.rf.85b0d50d42c65c5a7f813f89e70653e4.jpg</filename>
	<path>000006--9-_jpg.rf.85b0d50d42c65c5a7f813f89e70653e4.jpg</path>
	<source>
		<database>roboflow.ai</database>
	</source>
	<size>
		<width>416</width>
		<height>416</height>
		<depth>3</depth>
	</size>
	<segmented>0</segmented>
	<object>
		<name>plastik</name>
		<pose>Unspecified</pose>
		<truncated>0</truncated>
		<difficult>0</difficult>
		<occluded>0</occluded>
		<bndbox>
			<xmin>226</xmin>
			<xmax>284</xmax>
			<ymin>116</ymin>
			<ymax>210</ymax>
		</bndbox>
	</object>
	<object>
		<name>plastik</name>
		<pose>Unspecified</pose>
		<truncated>0</truncated>
		<difficult>0</difficult>
		<occluded>0</occluded>
		<bndbox>
			<xmin>224</xmin>
			<xmax>264</xmax>
			<ymin>80</ymin>
			<ymax>162</ymax>
		</bndbox>
	</object>
</annotation>
