<annotation>
	<folder></folder>
	<filename>000021--11-_jpg.rf.e4a386bd782bea3e8e5545c2a7521085.jpg</filename>
	<path>000021--11-_jpg.rf.e4a386bd782bea3e8e5545c2a7521085.jpg</path>
	<source>
		<database>roboflow.ai</database>
	</source>
	<size>
		<width>416</width>
		<height>416</height>
		<depth>3</depth>
	</size>
	<segmented>0</segmented>
	<object>
		<name>plastik</name>
		<pose>Unspecified</pose>
		<truncated>0</truncated>
		<difficult>0</difficult>
		<occluded>0</occluded>
		<bndbox>
			<xmin>151</xmin>
			<xmax>221</xmax>
			<ymin>199</ymin>
			<ymax>247</ymax>
		</bndbox>
	</object>
	<object>
		<name>plastik</name>
		<pose>Unspecified</pose>
		<truncated>0</truncated>
		<difficult>0</difficult>
		<occluded>0</occluded>
		<bndbox>
			<xmin>272</xmin>
			<xmax>303</xmax>
			<ymin>266</ymin>
			<ymax>284</ymax>
		</bndbox>
	</object>
</annotation>
