<annotation>
	<folder></folder>
	<filename>000009--8-_jpg.rf.b87efbb6e0c93e92ba423d64610af39b.jpg</filename>
	<path>000009--8-_jpg.rf.b87efbb6e0c93e92ba423d64610af39b.jpg</path>
	<source>
		<database>roboflow.ai</database>
	</source>
	<size>
		<width>416</width>
		<height>416</height>
		<depth>3</depth>
	</size>
	<segmented>0</segmented>
	<object>
		<name>karton</name>
		<pose>Unspecified</pose>
		<truncated>0</truncated>
		<difficult>0</difficult>
		<occluded>0</occluded>
		<bndbox>
			<xmin>47</xmin>
			<xmax>248</xmax>
			<ymin>255</ymin>
			<ymax>341</ymax>
		</bndbox>
	</object>
	<object>
		<name>plastik</name>
		<pose>Unspecified</pose>
		<truncated>0</truncated>
		<difficult>0</difficult>
		<occluded>0</occluded>
		<bndbox>
			<xmin>59</xmin>
			<xmax>243</xmax>
			<ymin>70</ymin>
			<ymax>142</ymax>
		</bndbox>
	</object>
</annotation>
