<annotation>
	<folder></folder>
	<filename>000002--4-_JPG_jpg.rf.6c88e155f5c6cdc61ff8bb8f4ccc77b3.jpg</filename>
	<path>000002--4-_JPG_jpg.rf.6c88e155f5c6cdc61ff8bb8f4ccc77b3.jpg</path>
	<source>
		<database>roboflow.ai</database>
	</source>
	<size>
		<width>416</width>
		<height>416</height>
		<depth>3</depth>
	</size>
	<segmented>0</segmented>
	<object>
		<name>plastik</name>
		<pose>Unspecified</pose>
		<truncated>0</truncated>
		<difficult>0</difficult>
		<occluded>0</occluded>
		<bndbox>
			<xmin>46</xmin>
			<xmax>102</xmax>
			<ymin>188</ymin>
			<ymax>227</ymax>
		</bndbox>
	</object>
</annotation>
