<annotation>
	<folder></folder>
	<filename>000005--10-_jpg.rf.caa3dea2f986644e43377cb91df194ce.jpg</filename>
	<path>000005--10-_jpg.rf.caa3dea2f986644e43377cb91df194ce.jpg</path>
	<source>
		<database>roboflow.ai</database>
	</source>
	<size>
		<width>416</width>
		<height>416</height>
		<depth>3</depth>
	</size>
	<segmented>0</segmented>
	<object>
		<name>karton</name>
		<pose>Unspecified</pose>
		<truncated>0</truncated>
		<difficult>0</difficult>
		<occluded>0</occluded>
		<bndbox>
			<xmin>125</xmin>
			<xmax>300</xmax>
			<ymin>40</ymin>
			<ymax>416</ymax>
		</bndbox>
	</object>
	<object>
		<name>kopuk</name>
		<pose>Unspecified</pose>
		<truncated>0</truncated>
		<difficult>0</difficult>
		<occluded>0</occluded>
		<bndbox>
			<xmin>198</xmin>
			<xmax>286</xmax>
			<ymin>141</ymin>
			<ymax>416</ymax>
		</bndbox>
	</object>
</annotation>
