<annotation>
	<folder></folder>
	<filename>000000--4-_JPG_jpg.rf.afa54beee7378a9eba7ddf93f4ddbb33.jpg</filename>
	<path>000000--4-_JPG_jpg.rf.afa54beee7378a9eba7ddf93f4ddbb33.jpg</path>
	<source>
		<database>roboflow.ai</database>
	</source>
	<size>
		<width>416</width>
		<height>416</height>
		<depth>3</depth>
	</size>
	<segmented>0</segmented>
	<object>
		<name>plastik</name>
		<pose>Unspecified</pose>
		<truncated>0</truncated>
		<difficult>0</difficult>
		<occluded>0</occluded>
		<bndbox>
			<xmin>147</xmin>
			<xmax>179</xmax>
			<ymin>171</ymin>
			<ymax>204</ymax>
		</bndbox>
	</object>
	<object>
		<name>kagit</name>
		<pose>Unspecified</pose>
		<truncated>0</truncated>
		<difficult>0</difficult>
		<occluded>0</occluded>
		<bndbox>
			<xmin>163</xmin>
			<xmax>179</xmax>
			<ymin>215</ymin>
			<ymax>225</ymax>
		</bndbox>
	</object>
	<object>
		<name>kagit</name>
		<pose>Unspecified</pose>
		<truncated>0</truncated>
		<difficult>0</difficult>
		<occluded>0</occluded>
		<bndbox>
			<xmin>77</xmin>
			<xmax>102</xmax>
			<ymin>162</ymin>
			<ymax>190</ymax>
		</bndbox>
	</object>
</annotation>
