<annotation>
	<folder></folder>
	<filename>000013--9-_jpg.rf.f54725837572eaca409e8d70a780c55d.jpg</filename>
	<path>000013--9-_jpg.rf.f54725837572eaca409e8d70a780c55d.jpg</path>
	<source>
		<database>roboflow.ai</database>
	</source>
	<size>
		<width>416</width>
		<height>416</height>
		<depth>3</depth>
	</size>
	<segmented>0</segmented>
	<object>
		<name>cam</name>
		<pose>Unspecified</pose>
		<truncated>0</truncated>
		<difficult>0</difficult>
		<occluded>0</occluded>
		<bndbox>
			<xmin>227</xmin>
			<xmax>241</xmax>
			<ymin>231</ymin>
			<ymax>249</ymax>
		</bndbox>
	</object>
</annotation>
