<annotation>
	<folder></folder>
	<filename>000012--2-_JPG_jpg.rf.d1593a041d1e71373331f82c590f6d23.jpg</filename>
	<path>000012--2-_JPG_jpg.rf.d1593a041d1e71373331f82c590f6d23.jpg</path>
	<source>
		<database>roboflow.ai</database>
	</source>
	<size>
		<width>416</width>
		<height>416</height>
		<depth>3</depth>
	</size>
	<segmented>0</segmented>
	<object>
		<name>kagit</name>
		<pose>Unspecified</pose>
		<truncated>0</truncated>
		<difficult>0</difficult>
		<occluded>0</occluded>
		<bndbox>
			<xmin>141</xmin>
			<xmax>179</xmax>
			<ymin>194</ymin>
			<ymax>238</ymax>
		</bndbox>
	</object>
</annotation>
