<annotation>
	<folder></folder>
	<filename>000009--6-_jpg.rf.2571e3d6e1680003eb8c7e066b650c05.jpg</filename>
	<path>000009--6-_jpg.rf.2571e3d6e1680003eb8c7e066b650c05.jpg</path>
	<source>
		<database>roboflow.ai</database>
	</source>
	<size>
		<width>416</width>
		<height>416</height>
		<depth>3</depth>
	</size>
	<segmented>0</segmented>
	<object>
		<name>karton</name>
		<pose>Unspecified</pose>
		<truncated>0</truncated>
		<difficult>0</difficult>
		<occluded>0</occluded>
		<bndbox>
			<xmin>87</xmin>
			<xmax>121</xmax>
			<ymin>273</ymin>
			<ymax>301</ymax>
		</bndbox>
	</object>
	<object>
		<name>plastik</name>
		<pose>Unspecified</pose>
		<truncated>0</truncated>
		<difficult>0</difficult>
		<occluded>0</occluded>
		<bndbox>
			<xmin>396</xmin>
			<xmax>416</xmax>
			<ymin>301</ymin>
			<ymax>308</ymax>
		</bndbox>
	</object>
</annotation>
