<annotation>
	<folder></folder>
	<filename>000007--3-_JPG_jpg.rf.d8f40e8640bfe7fd2afef0eca872c3ac.jpg</filename>
	<path>000007--3-_JPG_jpg.rf.d8f40e8640bfe7fd2afef0eca872c3ac.jpg</path>
	<source>
		<database>roboflow.ai</database>
	</source>
	<size>
		<width>416</width>
		<height>416</height>
		<depth>3</depth>
	</size>
	<segmented>0</segmented>
	<object>
		<name>plastik</name>
		<pose>Unspecified</pose>
		<truncated>0</truncated>
		<difficult>0</difficult>
		<occluded>0</occluded>
		<bndbox>
			<xmin>242</xmin>
			<xmax>262</xmax>
			<ymin>119</ymin>
			<ymax>167</ymax>
		</bndbox>
	</object>
</annotation>
