<annotation>
	<folder></folder>
	<filename>000006--7-_jpg.rf.78aad46aaec2f3bdef5e6939111e642d.jpg</filename>
	<path>000006--7-_jpg.rf.78aad46aaec2f3bdef5e6939111e642d.jpg</path>
	<source>
		<database>roboflow.ai</database>
	</source>
	<size>
		<width>416</width>
		<height>416</height>
		<depth>3</depth>
	</size>
	<segmented>0</segmented>
	<object>
		<name>karton</name>
		<pose>Unspecified</pose>
		<truncated>0</truncated>
		<difficult>0</difficult>
		<occluded>0</occluded>
		<bndbox>
			<xmin>202</xmin>
			<xmax>260</xmax>
			<ymin>130</ymin>
			<ymax>208</ymax>
		</bndbox>
	</object>
</annotation>
