<annotation>
	<folder></folder>
	<filename>000019--7-_jpg.rf.369d415d9df4e2e30512d51c87dae1af.jpg</filename>
	<path>000019--7-_jpg.rf.369d415d9df4e2e30512d51c87dae1af.jpg</path>
	<source>
		<database>roboflow.ai</database>
	</source>
	<size>
		<width>416</width>
		<height>416</height>
		<depth>3</depth>
	</size>
	<segmented>0</segmented>
	<object>
		<name>plastik</name>
		<pose>Unspecified</pose>
		<truncated>0</truncated>
		<difficult>0</difficult>
		<occluded>0</occluded>
		<bndbox>
			<xmin>145</xmin>
			<xmax>221</xmax>
			<ymin>187</ymin>
			<ymax>276</ymax>
		</bndbox>
	</object>
</annotation>
