<annotation>
	<folder></folder>
	<filename>000008--6-_JPG_jpg.rf.a157143c3bdf7a71474ff36683c9641e.jpg</filename>
	<path>000008--6-_JPG_jpg.rf.a157143c3bdf7a71474ff36683c9641e.jpg</path>
	<source>
		<database>roboflow.ai</database>
	</source>
	<size>
		<width>416</width>
		<height>416</height>
		<depth>3</depth>
	</size>
	<segmented>0</segmented>
	<object>
		<name>plastik</name>
		<pose>Unspecified</pose>
		<truncated>0</truncated>
		<difficult>0</difficult>
		<occluded>0</occluded>
		<bndbox>
			<xmin>183</xmin>
			<xmax>189</xmax>
			<ymin>177</ymin>
			<ymax>187</ymax>
		</bndbox>
	</object>
</annotation>
