<annotation>
	<folder></folder>
	<filename>000010--3-_JPG_jpg.rf.a9ef4bfa99d47dfc2ddc1268f8bd5a0f.jpg</filename>
	<path>000010--3-_JPG_jpg.rf.a9ef4bfa99d47dfc2ddc1268f8bd5a0f.jpg</path>
	<source>
		<database>roboflow.ai</database>
	</source>
	<size>
		<width>416</width>
		<height>416</height>
		<depth>3</depth>
	</size>
	<segmented>0</segmented>
	<object>
		<name>plastik</name>
		<pose>Unspecified</pose>
		<truncated>0</truncated>
		<difficult>0</difficult>
		<occluded>0</occluded>
		<bndbox>
			<xmin>321</xmin>
			<xmax>363</xmax>
			<ymin>204</ymin>
			<ymax>227</ymax>
		</bndbox>
	</object>
	<object>
		<name>plastik</name>
		<pose>Unspecified</pose>
		<truncated>0</truncated>
		<difficult>0</difficult>
		<occluded>0</occluded>
		<bndbox>
			<xmin>91</xmin>
			<xmax>162</xmax>
			<ymin>187</ymin>
			<ymax>220</ymax>
		</bndbox>
	</object>
</annotation>
