<annotation>
	<folder></folder>
	<filename>000014--4-_JPG_jpg.rf.fa65781e5aa26942ef70c1c51084e3c7.jpg</filename>
	<path>000014--4-_JPG_jpg.rf.fa65781e5aa26942ef70c1c51084e3c7.jpg</path>
	<source>
		<database>roboflow.ai</database>
	</source>
	<size>
		<width>416</width>
		<height>416</height>
		<depth>3</depth>
	</size>
	<segmented>0</segmented>
	<object>
		<name>kopuk</name>
		<pose>Unspecified</pose>
		<truncated>0</truncated>
		<difficult>0</difficult>
		<occluded>0</occluded>
		<bndbox>
			<xmin>184</xmin>
			<xmax>216</xmax>
			<ymin>109</ymin>
			<ymax>160</ymax>
		</bndbox>
	</object>
</annotation>
