<annotation>
	<folder></folder>
	<filename>000021--5-_JPG_jpg.rf.c714b491ea237260372c09b49fcaa59f.jpg</filename>
	<path>000021--5-_JPG_jpg.rf.c714b491ea237260372c09b49fcaa59f.jpg</path>
	<source>
		<database>roboflow.ai</database>
	</source>
	<size>
		<width>416</width>
		<height>416</height>
		<depth>3</depth>
	</size>
	<segmented>0</segmented>
	<object>
		<name>plastik</name>
		<pose>Unspecified</pose>
		<truncated>0</truncated>
		<difficult>0</difficult>
		<occluded>0</occluded>
		<bndbox>
			<xmin>117</xmin>
			<xmax>253</xmax>
			<ymin>54</ymin>
			<ymax>207</ymax>
		</bndbox>
	</object>
</annotation>
