<annotation>
	<folder></folder>
	<filename>000011--2-_JPG_jpg.rf.fcd20b5702461cc9994cd6507da24f69.jpg</filename>
	<path>000011--2-_JPG_jpg.rf.fcd20b5702461cc9994cd6507da24f69.jpg</path>
	<source>
		<database>roboflow.ai</database>
	</source>
	<size>
		<width>416</width>
		<height>416</height>
		<depth>3</depth>
	</size>
	<segmented>0</segmented>
	<object>
		<name>plastik</name>
		<pose>Unspecified</pose>
		<truncated>0</truncated>
		<difficult>0</difficult>
		<occluded>0</occluded>
		<bndbox>
			<xmin>165</xmin>
			<xmax>195</xmax>
			<ymin>329</ymin>
			<ymax>355</ymax>
		</bndbox>
	</object>
	<object>
		<name>plastik</name>
		<pose>Unspecified</pose>
		<truncated>0</truncated>
		<difficult>0</difficult>
		<occluded>0</occluded>
		<bndbox>
			<xmin>205</xmin>
			<xmax>229</xmax>
			<ymin>269</ymin>
			<ymax>299</ymax>
		</bndbox>
	</object>
	<object>
		<name>plastik</name>
		<pose>Unspecified</pose>
		<truncated>0</truncated>
		<difficult>0</difficult>
		<occluded>0</occluded>
		<bndbox>
			<xmin>24</xmin>
			<xmax>52</xmax>
			<ymin>232</ymin>
			<ymax>257</ymax>
		</bndbox>
	</object>
	<object>
		<name>plastik</name>
		<pose>Unspecified</pose>
		<truncated>0</truncated>
		<difficult>0</difficult>
		<occluded>0</occluded>
		<bndbox>
			<xmin>242</xmin>
			<xmax>289</xmax>
			<ymin>51</ymin>
			<ymax>105</ymax>
		</bndbox>
	</object>
</annotation>
