<annotation>
	<folder></folder>
	<filename>000005--5-_JPG_jpg.rf.95db41c7f57ff70167b2108bf1e7398d.jpg</filename>
	<path>000005--5-_JPG_jpg.rf.95db41c7f57ff70167b2108bf1e7398d.jpg</path>
	<source>
		<database>roboflow.ai</database>
	</source>
	<size>
		<width>416</width>
		<height>416</height>
		<depth>3</depth>
	</size>
	<segmented>0</segmented>
	<object>
		<name>plastik</name>
		<pose>Unspecified</pose>
		<truncated>0</truncated>
		<difficult>0</difficult>
		<occluded>0</occluded>
		<bndbox>
			<xmin>160</xmin>
			<xmax>221</xmax>
			<ymin>212</ymin>
			<ymax>241</ymax>
		</bndbox>
	</object>
</annotation>
