<annotation>
	<folder></folder>
	<filename>000011--3-_JPG_jpg.rf.10fbdb9243b0128892fb4f771c944041.jpg</filename>
	<path>000011--3-_JPG_jpg.rf.10fbdb9243b0128892fb4f771c944041.jpg</path>
	<source>
		<database>roboflow.ai</database>
	</source>
	<size>
		<width>416</width>
		<height>416</height>
		<depth>3</depth>
	</size>
	<segmented>0</segmented>
	<object>
		<name>metal</name>
		<pose>Unspecified</pose>
		<truncated>0</truncated>
		<difficult>0</difficult>
		<occluded>0</occluded>
		<bndbox>
			<xmin>222</xmin>
			<xmax>262</xmax>
			<ymin>134</ymin>
			<ymax>245</ymax>
		</bndbox>
	</object>
</annotation>
