<annotation>
	<folder></folder>
	<filename>000012--2-_JPG_jpg.rf.662b18d180e8431a82a3d285f0fa0a39.jpg</filename>
	<path>000012--2-_JPG_jpg.rf.662b18d180e8431a82a3d285f0fa0a39.jpg</path>
	<source>
		<database>roboflow.ai</database>
	</source>
	<size>
		<width>416</width>
		<height>416</height>
		<depth>3</depth>
	</size>
	<segmented>0</segmented>
	<object>
		<name>kagit</name>
		<pose>Unspecified</pose>
		<truncated>0</truncated>
		<difficult>0</difficult>
		<occluded>0</occluded>
		<bndbox>
			<xmin>239</xmin>
			<xmax>277</xmax>
			<ymin>181</ymin>
			<ymax>225</ymax>
		</bndbox>
	</object>
</annotation>
