<annotation>
	<folder></folder>
	<filename>000010--6-_JPG_jpg.rf.3835066b7dd72a24b829a1497b571351.jpg</filename>
	<path>000010--6-_JPG_jpg.rf.3835066b7dd72a24b829a1497b571351.jpg</path>
	<source>
		<database>roboflow.ai</database>
	</source>
	<size>
		<width>416</width>
		<height>416</height>
		<depth>3</depth>
	</size>
	<segmented>0</segmented>
	<object>
		<name>plastik</name>
		<pose>Unspecified</pose>
		<truncated>0</truncated>
		<difficult>0</difficult>
		<occluded>0</occluded>
		<bndbox>
			<xmin>150</xmin>
			<xmax>165</xmax>
			<ymin>129</ymin>
			<ymax>152</ymax>
		</bndbox>
	</object>
	<object>
		<name>plastik</name>
		<pose>Unspecified</pose>
		<truncated>0</truncated>
		<difficult>0</difficult>
		<occluded>0</occluded>
		<bndbox>
			<xmin>118</xmin>
			<xmax>124</xmax>
			<ymin>165</ymin>
			<ymax>169</ymax>
		</bndbox>
	</object>
</annotation>
