<annotation>
	<folder></folder>
	<filename>000021--10-_jpg.rf.030740808304524a583c80f7dbfe97bc.jpg</filename>
	<path>000021--10-_jpg.rf.030740808304524a583c80f7dbfe97bc.jpg</path>
	<source>
		<database>roboflow.ai</database>
	</source>
	<size>
		<width>416</width>
		<height>416</height>
		<depth>3</depth>
	</size>
	<segmented>0</segmented>
	<object>
		<name>plastik</name>
		<pose>Unspecified</pose>
		<truncated>0</truncated>
		<difficult>0</difficult>
		<occluded>0</occluded>
		<bndbox>
			<xmin>110</xmin>
			<xmax>286</xmax>
			<ymin>129</ymin>
			<ymax>257</ymax>
		</bndbox>
	</object>
</annotation>
