<annotation>
	<folder></folder>
	<filename>000017--7-_jpg.rf.6ea56ae58e8e6c9bed6d5c7355b20966.jpg</filename>
	<path>000017--7-_jpg.rf.6ea56ae58e8e6c9bed6d5c7355b20966.jpg</path>
	<source>
		<database>roboflow.ai</database>
	</source>
	<size>
		<width>416</width>
		<height>416</height>
		<depth>3</depth>
	</size>
	<segmented>0</segmented>
	<object>
		<name>plastik</name>
		<pose>Unspecified</pose>
		<truncated>0</truncated>
		<difficult>0</difficult>
		<occluded>0</occluded>
		<bndbox>
			<xmin>223</xmin>
			<xmax>281</xmax>
			<ymin>188</ymin>
			<ymax>238</ymax>
		</bndbox>
	</object>
</annotation>
