<annotation>
	<folder></folder>
	<filename>000014--3-_JPG_jpg.rf.3f1eaf47e3bd913fd70b57c1af3d5da1.jpg</filename>
	<path>000014--3-_JPG_jpg.rf.3f1eaf47e3bd913fd70b57c1af3d5da1.jpg</path>
	<source>
		<database>roboflow.ai</database>
	</source>
	<size>
		<width>416</width>
		<height>416</height>
		<depth>3</depth>
	</size>
	<segmented>0</segmented>
	<object>
		<name>plastik</name>
		<pose>Unspecified</pose>
		<truncated>0</truncated>
		<difficult>0</difficult>
		<occluded>0</occluded>
		<bndbox>
			<xmin>120</xmin>
			<xmax>136</xmax>
			<ymin>247</ymin>
			<ymax>259</ymax>
		</bndbox>
	</object>
</annotation>
