<annotation>
	<folder></folder>
	<filename>000001--4-_JPG_jpg.rf.88547890086201df18e21c97e1ad7bc9.jpg</filename>
	<path>000001--4-_JPG_jpg.rf.88547890086201df18e21c97e1ad7bc9.jpg</path>
	<source>
		<database>roboflow.ai</database>
	</source>
	<size>
		<width>416</width>
		<height>416</height>
		<depth>3</depth>
	</size>
	<segmented>0</segmented>
	<object>
		<name>plastik</name>
		<pose>Unspecified</pose>
		<truncated>0</truncated>
		<difficult>0</difficult>
		<occluded>0</occluded>
		<bndbox>
			<xmin>95</xmin>
			<xmax>155</xmax>
			<ymin>110</ymin>
			<ymax>264</ymax>
		</bndbox>
	</object>
	<object>
		<name>plastik</name>
		<pose>Unspecified</pose>
		<truncated>0</truncated>
		<difficult>0</difficult>
		<occluded>0</occluded>
		<bndbox>
			<xmin>108</xmin>
			<xmax>198</xmax>
			<ymin>318</ymin>
			<ymax>416</ymax>
		</bndbox>
	</object>
	<object>
		<name>kagit</name>
		<pose>Unspecified</pose>
		<truncated>0</truncated>
		<difficult>0</difficult>
		<occluded>0</occluded>
		<bndbox>
			<xmin>139</xmin>
			<xmax>233</xmax>
			<ymin>195</ymin>
			<ymax>287</ymax>
		</bndbox>
	</object>
	<object>
		<name>plastik</name>
		<pose>Unspecified</pose>
		<truncated>0</truncated>
		<difficult>0</difficult>
		<occluded>0</occluded>
		<bndbox>
			<xmin>193</xmin>
			<xmax>277</xmax>
			<ymin>103</ymin>
			<ymax>283</ymax>
		</bndbox>
	</object>
</annotation>
