<annotation>
	<folder></folder>
	<filename>000001_jpg.rf.d04d03f07453ad81c18daffb5d9bbb94.jpg</filename>
	<path>000001_jpg.rf.d04d03f07453ad81c18daffb5d9bbb94.jpg</path>
	<source>
		<database>roboflow.ai</database>
	</source>
	<size>
		<width>416</width>
		<height>416</height>
		<depth>3</depth>
	</size>
	<segmented>0</segmented>
	<object>
		<name>plastik</name>
		<pose>Unspecified</pose>
		<truncated>0</truncated>
		<difficult>0</difficult>
		<occluded>0</occluded>
		<bndbox>
			<xmin>196</xmin>
			<xmax>260</xmax>
			<ymin>155</ymin>
			<ymax>251</ymax>
		</bndbox>
	</object>
</annotation>
