<annotation>
	<folder></folder>
	<filename>000021--3-_JPG_jpg.rf.5f6f25d1294181dca67b7b4442babc92.jpg</filename>
	<path>000021--3-_JPG_jpg.rf.5f6f25d1294181dca67b7b4442babc92.jpg</path>
	<source>
		<database>roboflow.ai</database>
	</source>
	<size>
		<width>416</width>
		<height>416</height>
		<depth>3</depth>
	</size>
	<segmented>0</segmented>
	<object>
		<name>plastik</name>
		<pose>Unspecified</pose>
		<truncated>0</truncated>
		<difficult>0</difficult>
		<occluded>0</occluded>
		<bndbox>
			<xmin>204</xmin>
			<xmax>233</xmax>
			<ymin>211</ymin>
			<ymax>249</ymax>
		</bndbox>
	</object>
</annotation>
