<annotation>
	<folder></folder>
	<filename>000006--10-_jpg.rf.99b65dc6f33ab6162738047d43a7d928.jpg</filename>
	<path>000006--10-_jpg.rf.99b65dc6f33ab6162738047d43a7d928.jpg</path>
	<source>
		<database>roboflow.ai</database>
	</source>
	<size>
		<width>416</width>
		<height>416</height>
		<depth>3</depth>
	</size>
	<segmented>0</segmented>
	<object>
		<name>karton</name>
		<pose>Unspecified</pose>
		<truncated>0</truncated>
		<difficult>0</difficult>
		<occluded>0</occluded>
		<bndbox>
			<xmin>16</xmin>
			<xmax>156</xmax>
			<ymin>217</ymin>
			<ymax>287</ymax>
		</bndbox>
	</object>
	<object>
		<name>karton</name>
		<pose>Unspecified</pose>
		<truncated>0</truncated>
		<difficult>0</difficult>
		<occluded>0</occluded>
		<bndbox>
			<xmin>117</xmin>
			<xmax>271</xmax>
			<ymin>188</ymin>
			<ymax>282</ymax>
		</bndbox>
	</object>
	<object>
		<name>karton</name>
		<pose>Unspecified</pose>
		<truncated>0</truncated>
		<difficult>0</difficult>
		<occluded>0</occluded>
		<bndbox>
			<xmin>231</xmin>
			<xmax>393</xmax>
			<ymin>177</ymin>
			<ymax>250</ymax>
		</bndbox>
	</object>
</annotation>
