<annotation>
	<folder></folder>
	<filename>000010--7-_jpg.rf.6887a0668b3d5ee09061b571fb15d27e.jpg</filename>
	<path>000010--7-_jpg.rf.6887a0668b3d5ee09061b571fb15d27e.jpg</path>
	<source>
		<database>roboflow.ai</database>
	</source>
	<size>
		<width>416</width>
		<height>416</height>
		<depth>3</depth>
	</size>
	<segmented>0</segmented>
	<object>
		<name>cam</name>
		<pose>Unspecified</pose>
		<truncated>0</truncated>
		<difficult>0</difficult>
		<occluded>0</occluded>
		<bndbox>
			<xmin>117</xmin>
			<xmax>159</xmax>
			<ymin>129</ymin>
			<ymax>172</ymax>
		</bndbox>
	</object>
</annotation>
