<annotation>
	<folder></folder>
	<filename>000006--6-_JPG_jpg.rf.37ed64bf57281c6bfb12996f9e430c2c.jpg</filename>
	<path>000006--6-_JPG_jpg.rf.37ed64bf57281c6bfb12996f9e430c2c.jpg</path>
	<source>
		<database>roboflow.ai</database>
	</source>
	<size>
		<width>416</width>
		<height>416</height>
		<depth>3</depth>
	</size>
	<segmented>0</segmented>
	<object>
		<name>plastik</name>
		<pose>Unspecified</pose>
		<truncated>0</truncated>
		<difficult>0</difficult>
		<occluded>0</occluded>
		<bndbox>
			<xmin>125</xmin>
			<xmax>175</xmax>
			<ymin>305</ymin>
			<ymax>384</ymax>
		</bndbox>
	</object>
</annotation>
