<annotation>
	<folder></folder>
	<filename>000021--2-_JPG_jpg.rf.56b98dc0d1f8ab88241b153cd0398f25.jpg</filename>
	<path>000021--2-_JPG_jpg.rf.56b98dc0d1f8ab88241b153cd0398f25.jpg</path>
	<source>
		<database>roboflow.ai</database>
	</source>
	<size>
		<width>416</width>
		<height>416</height>
		<depth>3</depth>
	</size>
	<segmented>0</segmented>
	<object>
		<name>plastik</name>
		<pose>Unspecified</pose>
		<truncated>0</truncated>
		<difficult>0</difficult>
		<occluded>0</occluded>
		<bndbox>
			<xmin>178</xmin>
			<xmax>376</xmax>
			<ymin>134</ymin>
			<ymax>294</ymax>
		</bndbox>
	</object>
</annotation>
