<annotation>
	<folder></folder>
	<filename>000008--6-_JPG_jpg.rf.4169f572a515d7e3cde3eccd14f4e6c1.jpg</filename>
	<path>000008--6-_JPG_jpg.rf.4169f572a515d7e3cde3eccd14f4e6c1.jpg</path>
	<source>
		<database>roboflow.ai</database>
	</source>
	<size>
		<width>416</width>
		<height>416</height>
		<depth>3</depth>
	</size>
	<segmented>0</segmented>
	<object>
		<name>plastik</name>
		<pose>Unspecified</pose>
		<truncated>0</truncated>
		<difficult>0</difficult>
		<occluded>0</occluded>
		<bndbox>
			<xmin>177</xmin>
			<xmax>187</xmax>
			<ymin>183</ymin>
			<ymax>189</ymax>
		</bndbox>
	</object>
</annotation>
