<annotation>
	<folder></folder>
	<filename>000018--2-_JPG_jpg.rf.24c02bc2af455f9b3ae84a50b8e2ba07.jpg</filename>
	<path>000018--2-_JPG_jpg.rf.24c02bc2af455f9b3ae84a50b8e2ba07.jpg</path>
	<source>
		<database>roboflow.ai</database>
	</source>
	<size>
		<width>416</width>
		<height>416</height>
		<depth>3</depth>
	</size>
	<segmented>0</segmented>
	<object>
		<name>plastik</name>
		<pose>Unspecified</pose>
		<truncated>0</truncated>
		<difficult>0</difficult>
		<occluded>0</occluded>
		<bndbox>
			<xmin>167</xmin>
			<xmax>228</xmax>
			<ymin>88</ymin>
			<ymax>198</ymax>
		</bndbox>
	</object>
</annotation>
