<annotation>
	<folder></folder>
	<filename>000000--4-_JPG_jpg.rf.8cea0e9312c5853a18551b6bf8d0b47a.jpg</filename>
	<path>000000--4-_JPG_jpg.rf.8cea0e9312c5853a18551b6bf8d0b47a.jpg</path>
	<source>
		<database>roboflow.ai</database>
	</source>
	<size>
		<width>416</width>
		<height>416</height>
		<depth>3</depth>
	</size>
	<segmented>0</segmented>
	<object>
		<name>plastik</name>
		<pose>Unspecified</pose>
		<truncated>0</truncated>
		<difficult>0</difficult>
		<occluded>0</occluded>
		<bndbox>
			<xmin>215</xmin>
			<xmax>248</xmax>
			<ymin>239</ymin>
			<ymax>271</ymax>
		</bndbox>
	</object>
	<object>
		<name>kagit</name>
		<pose>Unspecified</pose>
		<truncated>0</truncated>
		<difficult>0</difficult>
		<occluded>0</occluded>
		<bndbox>
			<xmin>194</xmin>
			<xmax>204</xmax>
			<ymin>239</ymin>
			<ymax>255</ymax>
		</bndbox>
	</object>
	<object>
		<name>kagit</name>
		<pose>Unspecified</pose>
		<truncated>0</truncated>
		<difficult>0</difficult>
		<occluded>0</occluded>
		<bndbox>
			<xmin>229</xmin>
			<xmax>257</xmax>
			<ymin>316</ymin>
			<ymax>341</ymax>
		</bndbox>
	</object>
</annotation>
