<annotation>
	<folder></folder>
	<filename>000004--2-_JPG_jpg.rf.860a06c7115a22aa45739a12b262958e.jpg</filename>
	<path>000004--2-_JPG_jpg.rf.860a06c7115a22aa45739a12b262958e.jpg</path>
	<source>
		<database>roboflow.ai</database>
	</source>
	<size>
		<width>416</width>
		<height>416</height>
		<depth>3</depth>
	</size>
	<segmented>0</segmented>
	<object>
		<name>kagit</name>
		<pose>Unspecified</pose>
		<truncated>0</truncated>
		<difficult>0</difficult>
		<occluded>0</occluded>
		<bndbox>
			<xmin>220</xmin>
			<xmax>232</xmax>
			<ymin>298</ymin>
			<ymax>342</ymax>
		</bndbox>
	</object>
	<object>
		<name>kagit</name>
		<pose>Unspecified</pose>
		<truncated>0</truncated>
		<difficult>0</difficult>
		<occluded>0</occluded>
		<bndbox>
			<xmin>223</xmin>
			<xmax>239</xmax>
			<ymin>126</ymin>
			<ymax>174</ymax>
		</bndbox>
	</object>
	<object>
		<name>kagit</name>
		<pose>Unspecified</pose>
		<truncated>0</truncated>
		<difficult>0</difficult>
		<occluded>0</occluded>
		<bndbox>
			<xmin>222</xmin>
			<xmax>242</xmax>
			<ymin>165</ymin>
			<ymax>217</ymax>
		</bndbox>
	</object>
</annotation>
