<annotation>
	<folder></folder>
	<filename>000011_jpg.rf.0fe2af796ddd2d0f5cad93eb5af62da2.jpg</filename>
	<path>000011_jpg.rf.0fe2af796ddd2d0f5cad93eb5af62da2.jpg</path>
	<source>
		<database>roboflow.ai</database>
	</source>
	<size>
		<width>416</width>
		<height>416</height>
		<depth>3</depth>
	</size>
	<segmented>0</segmented>
	<object>
		<name>metal</name>
		<pose>Unspecified</pose>
		<truncated>0</truncated>
		<difficult>0</difficult>
		<occluded>0</occluded>
		<bndbox>
			<xmin>238</xmin>
			<xmax>263</xmax>
			<ymin>142</ymin>
			<ymax>208</ymax>
		</bndbox>
	</object>
</annotation>
