<annotation>
	<folder></folder>
	<filename>000015--7-_jpg.rf.d8fb3c6617331c4af588936abd0110f4.jpg</filename>
	<path>000015--7-_jpg.rf.d8fb3c6617331c4af588936abd0110f4.jpg</path>
	<source>
		<database>roboflow.ai</database>
	</source>
	<size>
		<width>416</width>
		<height>416</height>
		<depth>3</depth>
	</size>
	<segmented>0</segmented>
	<object>
		<name>metal</name>
		<pose>Unspecified</pose>
		<truncated>0</truncated>
		<difficult>0</difficult>
		<occluded>0</occluded>
		<bndbox>
			<xmin>148</xmin>
			<xmax>156</xmax>
			<ymin>298</ymin>
			<ymax>308</ymax>
		</bndbox>
	</object>
</annotation>
