<annotation>
	<folder></folder>
	<filename>000006--4-_JPG_jpg.rf.81aedd82623502d88990ff01d91134fa.jpg</filename>
	<path>000006--4-_JPG_jpg.rf.81aedd82623502d88990ff01d91134fa.jpg</path>
	<source>
		<database>roboflow.ai</database>
	</source>
	<size>
		<width>416</width>
		<height>416</height>
		<depth>3</depth>
	</size>
	<segmented>0</segmented>
	<object>
		<name>plastik</name>
		<pose>Unspecified</pose>
		<truncated>0</truncated>
		<difficult>0</difficult>
		<occluded>0</occluded>
		<bndbox>
			<xmin>144</xmin>
			<xmax>291</xmax>
			<ymin>180</ymin>
			<ymax>243</ymax>
		</bndbox>
	</object>
	<object>
		<name>plastik</name>
		<pose>Unspecified</pose>
		<truncated>0</truncated>
		<difficult>0</difficult>
		<occluded>0</occluded>
		<bndbox>
			<xmin>73</xmin>
			<xmax>118</xmax>
			<ymin>132</ymin>
			<ymax>170</ymax>
		</bndbox>
	</object>
</annotation>
