<annotation>
	<folder></folder>
	<filename>000011--8-_jpg.rf.cce6df0005f74c9588b75cc83082cef9.jpg</filename>
	<path>000011--8-_jpg.rf.cce6df0005f74c9588b75cc83082cef9.jpg</path>
	<source>
		<database>roboflow.ai</database>
	</source>
	<size>
		<width>416</width>
		<height>416</height>
		<depth>3</depth>
	</size>
	<segmented>0</segmented>
	<object>
		<name>plastik</name>
		<pose>Unspecified</pose>
		<truncated>0</truncated>
		<difficult>0</difficult>
		<occluded>0</occluded>
		<bndbox>
			<xmin>130</xmin>
			<xmax>159</xmax>
			<ymin>271</ymin>
			<ymax>295</ymax>
		</bndbox>
	</object>
	<object>
		<name>metal</name>
		<pose>Unspecified</pose>
		<truncated>0</truncated>
		<difficult>0</difficult>
		<occluded>0</occluded>
		<bndbox>
			<xmin>152</xmin>
			<xmax>174</xmax>
			<ymin>234</ymin>
			<ymax>252</ymax>
		</bndbox>
	</object>
	<object>
		<name>metal</name>
		<pose>Unspecified</pose>
		<truncated>0</truncated>
		<difficult>0</difficult>
		<occluded>0</occluded>
		<bndbox>
			<xmin>186</xmin>
			<xmax>204</xmax>
			<ymin>257</ymin>
			<ymax>273</ymax>
		</bndbox>
	</object>
	<object>
		<name>plastik</name>
		<pose>Unspecified</pose>
		<truncated>0</truncated>
		<difficult>0</difficult>
		<occluded>0</occluded>
		<bndbox>
			<xmin>289</xmin>
			<xmax>337</xmax>
			<ymin>305</ymin>
			<ymax>330</ymax>
		</bndbox>
	</object>
	<object>
		<name>cam</name>
		<pose>Unspecified</pose>
		<truncated>0</truncated>
		<difficult>0</difficult>
		<occluded>0</occluded>
		<bndbox>
			<xmin>299</xmin>
			<xmax>397</xmax>
			<ymin>314</ymin>
			<ymax>331</ymax>
		</bndbox>
	</object>
	<object>
		<name>cam</name>
		<pose>Unspecified</pose>
		<truncated>0</truncated>
		<difficult>0</difficult>
		<occluded>0</occluded>
		<bndbox>
			<xmin>183</xmin>
			<xmax>307</xmax>
			<ymin>152</ymin>
			<ymax>175</ymax>
		</bndbox>
	</object>
	<object>
		<name>cam</name>
		<pose>Unspecified</pose>
		<truncated>0</truncated>
		<difficult>0</difficult>
		<occluded>0</occluded>
		<bndbox>
			<xmin>144</xmin>
			<xmax>290</xmax>
			<ymin>110</ymin>
			<ymax>138</ymax>
		</bndbox>
	</object>
	<object>
		<name>cam</name>
		<pose>Unspecified</pose>
		<truncated>0</truncated>
		<difficult>0</difficult>
		<occluded>0</occluded>
		<bndbox>
			<xmin>218</xmin>
			<xmax>384</xmax>
			<ymin>127</ymin>
			<ymax>149</ymax>
		</bndbox>
	</object>
</annotation>
