<annotation>
	<folder></folder>
	<filename>000002--2-_JPG_jpg.rf.285cbc3703d7270917e35a926ca72c31.jpg</filename>
	<path>000002--2-_JPG_jpg.rf.285cbc3703d7270917e35a926ca72c31.jpg</path>
	<source>
		<database>roboflow.ai</database>
	</source>
	<size>
		<width>416</width>
		<height>416</height>
		<depth>3</depth>
	</size>
	<segmented>0</segmented>
	<object>
		<name>metal</name>
		<pose>Unspecified</pose>
		<truncated>0</truncated>
		<difficult>0</difficult>
		<occluded>0</occluded>
		<bndbox>
			<xmin>241</xmin>
			<xmax>281</xmax>
			<ymin>164</ymin>
			<ymax>195</ymax>
		</bndbox>
	</object>
</annotation>
