<annotation>
	<folder></folder>
	<filename>000000--2-_JPG_jpg.rf.9f364f7f5be0d663bb920ab78145ca6b.jpg</filename>
	<path>000000--2-_JPG_jpg.rf.9f364f7f5be0d663bb920ab78145ca6b.jpg</path>
	<source>
		<database>roboflow.ai</database>
	</source>
	<size>
		<width>416</width>
		<height>416</height>
		<depth>3</depth>
	</size>
	<segmented>0</segmented>
	<object>
		<name>plastik</name>
		<pose>Unspecified</pose>
		<truncated>0</truncated>
		<difficult>0</difficult>
		<occluded>0</occluded>
		<bndbox>
			<xmin>159</xmin>
			<xmax>273</xmax>
			<ymin>164</ymin>
			<ymax>247</ymax>
		</bndbox>
	</object>
</annotation>
