<annotation>
	<folder></folder>
	<filename>000011--4-_JPG_jpg.rf.7edb31231b41ac7fef8a00bd37567a09.jpg</filename>
	<path>000011--4-_JPG_jpg.rf.7edb31231b41ac7fef8a00bd37567a09.jpg</path>
	<source>
		<database>roboflow.ai</database>
	</source>
	<size>
		<width>416</width>
		<height>416</height>
		<depth>3</depth>
	</size>
	<segmented>0</segmented>
	<object>
		<name>plastik</name>
		<pose>Unspecified</pose>
		<truncated>0</truncated>
		<difficult>0</difficult>
		<occluded>0</occluded>
		<bndbox>
			<xmin>170</xmin>
			<xmax>214</xmax>
			<ymin>222</ymin>
			<ymax>242</ymax>
		</bndbox>
	</object>
</annotation>
