<annotation>
	<folder></folder>
	<filename>000016_jpg.rf.f63316b564d548fd8e04e8a3156e7973.jpg</filename>
	<path>000016_jpg.rf.f63316b564d548fd8e04e8a3156e7973.jpg</path>
	<source>
		<database>roboflow.ai</database>
	</source>
	<size>
		<width>416</width>
		<height>416</height>
		<depth>3</depth>
	</size>
	<segmented>0</segmented>
	<object>
		<name>cam</name>
		<pose>Unspecified</pose>
		<truncated>0</truncated>
		<difficult>0</difficult>
		<occluded>0</occluded>
		<bndbox>
			<xmin>140</xmin>
			<xmax>257</xmax>
			<ymin>190</ymin>
			<ymax>237</ymax>
		</bndbox>
	</object>
</annotation>
