<annotation>
	<folder></folder>
	<filename>000018_JPG_jpg.rf.a67e9f0382bfd40ea4aefecbe7ded21b.jpg</filename>
	<path>000018_JPG_jpg.rf.a67e9f0382bfd40ea4aefecbe7ded21b.jpg</path>
	<source>
		<database>roboflow.ai</database>
	</source>
	<size>
		<width>416</width>
		<height>416</height>
		<depth>3</depth>
	</size>
	<segmented>0</segmented>
	<object>
		<name>plastik</name>
		<pose>Unspecified</pose>
		<truncated>0</truncated>
		<difficult>0</difficult>
		<occluded>0</occluded>
		<bndbox>
			<xmin>169</xmin>
			<xmax>191</xmax>
			<ymin>95</ymin>
			<ymax>101</ymax>
		</bndbox>
	</object>
</annotation>
