<annotation>
	<folder></folder>
	<filename>000010--2-_JPG_jpg.rf.deb7c83d444dbbaf4ef73512504379f7.jpg</filename>
	<path>000010--2-_JPG_jpg.rf.deb7c83d444dbbaf4ef73512504379f7.jpg</path>
	<source>
		<database>roboflow.ai</database>
	</source>
	<size>
		<width>416</width>
		<height>416</height>
		<depth>3</depth>
	</size>
	<segmented>0</segmented>
	<object>
		<name>plastik</name>
		<pose>Unspecified</pose>
		<truncated>0</truncated>
		<difficult>0</difficult>
		<occluded>0</occluded>
		<bndbox>
			<xmin>116</xmin>
			<xmax>243</xmax>
			<ymin>225</ymin>
			<ymax>337</ymax>
		</bndbox>
	</object>
</annotation>
