<annotation>
	<folder></folder>
	<filename>000010--8-_jpg.rf.3f40849a7036334172be13d6aa2f093e.jpg</filename>
	<path>000010--8-_jpg.rf.3f40849a7036334172be13d6aa2f093e.jpg</path>
	<source>
		<database>roboflow.ai</database>
	</source>
	<size>
		<width>416</width>
		<height>416</height>
		<depth>3</depth>
	</size>
	<segmented>0</segmented>
	<object>
		<name>plastik</name>
		<pose>Unspecified</pose>
		<truncated>0</truncated>
		<difficult>0</difficult>
		<occluded>0</occluded>
		<bndbox>
			<xmin>192</xmin>
			<xmax>245</xmax>
			<ymin>221</ymin>
			<ymax>244</ymax>
		</bndbox>
	</object>
</annotation>
