<annotation>
	<folder></folder>
	<filename>000014--10-_jpg.rf.e39cf886633aed3584919d82d2495666.jpg</filename>
	<path>000014--10-_jpg.rf.e39cf886633aed3584919d82d2495666.jpg</path>
	<source>
		<database>roboflow.ai</database>
	</source>
	<size>
		<width>416</width>
		<height>416</height>
		<depth>3</depth>
	</size>
	<segmented>0</segmented>
	<object>
		<name>diger</name>
		<pose>Unspecified</pose>
		<truncated>0</truncated>
		<difficult>0</difficult>
		<occluded>0</occluded>
		<bndbox>
			<xmin>222</xmin>
			<xmax>360</xmax>
			<ymin>245</ymin>
			<ymax>305</ymax>
		</bndbox>
	</object>
	<object>
		<name>karton</name>
		<pose>Unspecified</pose>
		<truncated>0</truncated>
		<difficult>0</difficult>
		<occluded>0</occluded>
		<bndbox>
			<xmin>42</xmin>
			<xmax>358</xmax>
			<ymin>182</ymin>
			<ymax>302</ymax>
		</bndbox>
	</object>
</annotation>
