<annotation>
	<folder></folder>
	<filename>000013_jpg.rf.c744baca7537ffcfc6c0a70d7184c60a.jpg</filename>
	<path>000013_jpg.rf.c744baca7537ffcfc6c0a70d7184c60a.jpg</path>
	<source>
		<database>roboflow.ai</database>
	</source>
	<size>
		<width>416</width>
		<height>416</height>
		<depth>3</depth>
	</size>
	<segmented>0</segmented>
	<object>
		<name>cam</name>
		<pose>Unspecified</pose>
		<truncated>0</truncated>
		<difficult>0</difficult>
		<occluded>0</occluded>
		<bndbox>
			<xmin>144</xmin>
			<xmax>198</xmax>
			<ymin>229</ymin>
			<ymax>301</ymax>
		</bndbox>
	</object>
</annotation>
