<annotation>
	<folder></folder>
	<filename>000020--4-_JPG_jpg.rf.fd30a3183b07054c438b53f29591b6d4.jpg</filename>
	<path>000020--4-_JPG_jpg.rf.fd30a3183b07054c438b53f29591b6d4.jpg</path>
	<source>
		<database>roboflow.ai</database>
	</source>
	<size>
		<width>416</width>
		<height>416</height>
		<depth>3</depth>
	</size>
	<segmented>0</segmented>
	<object>
		<name>plastik</name>
		<pose>Unspecified</pose>
		<truncated>0</truncated>
		<difficult>0</difficult>
		<occluded>0</occluded>
		<bndbox>
			<xmin>172</xmin>
			<xmax>194</xmax>
			<ymin>168</ymin>
			<ymax>206</ymax>
		</bndbox>
	</object>
</annotation>
