<annotation>
	<folder></folder>
	<filename>000014--9-_jpg.rf.e5ee5bcdf7fd49046113cc9430b34f18.jpg</filename>
	<path>000014--9-_jpg.rf.e5ee5bcdf7fd49046113cc9430b34f18.jpg</path>
	<source>
		<database>roboflow.ai</database>
	</source>
	<size>
		<width>416</width>
		<height>416</height>
		<depth>3</depth>
	</size>
	<segmented>0</segmented>
	<object>
		<name>cam</name>
		<pose>Unspecified</pose>
		<truncated>0</truncated>
		<difficult>0</difficult>
		<occluded>0</occluded>
		<bndbox>
			<xmin>207</xmin>
			<xmax>223</xmax>
			<ymin>244</ymin>
			<ymax>266</ymax>
		</bndbox>
	</object>
	<object>
		<name>plastik</name>
		<pose>Unspecified</pose>
		<truncated>0</truncated>
		<difficult>0</difficult>
		<occluded>0</occluded>
		<bndbox>
			<xmin>193</xmin>
			<xmax>213</xmax>
			<ymin>237</ymin>
			<ymax>245</ymax>
		</bndbox>
	</object>
</annotation>
