<annotation>
	<folder></folder>
	<filename>000012--7-_jpg.rf.5819f33b3ca09cce572cd8339f3b962b.jpg</filename>
	<path>000012--7-_jpg.rf.5819f33b3ca09cce572cd8339f3b962b.jpg</path>
	<source>
		<database>roboflow.ai</database>
	</source>
	<size>
		<width>416</width>
		<height>416</height>
		<depth>3</depth>
	</size>
	<segmented>0</segmented>
	<object>
		<name>plastik</name>
		<pose>Unspecified</pose>
		<truncated>0</truncated>
		<difficult>0</difficult>
		<occluded>0</occluded>
		<bndbox>
			<xmin>178</xmin>
			<xmax>210</xmax>
			<ymin>223</ymin>
			<ymax>261</ymax>
		</bndbox>
	</object>
</annotation>
