<annotation>
	<folder></folder>
	<filename>000006--4-_JPG_jpg.rf.92af0176fb7e14de8955a2d3fa0f0718.jpg</filename>
	<path>000006--4-_JPG_jpg.rf.92af0176fb7e14de8955a2d3fa0f0718.jpg</path>
	<source>
		<database>roboflow.ai</database>
	</source>
	<size>
		<width>416</width>
		<height>416</height>
		<depth>3</depth>
	</size>
	<segmented>0</segmented>
	<object>
		<name>plastik</name>
		<pose>Unspecified</pose>
		<truncated>0</truncated>
		<difficult>0</difficult>
		<occluded>0</occluded>
		<bndbox>
			<xmin>180</xmin>
			<xmax>243</xmax>
			<ymin>127</ymin>
			<ymax>274</ymax>
		</bndbox>
	</object>
	<object>
		<name>plastik</name>
		<pose>Unspecified</pose>
		<truncated>0</truncated>
		<difficult>0</difficult>
		<occluded>0</occluded>
		<bndbox>
			<xmin>132</xmin>
			<xmax>170</xmax>
			<ymin>301</ymin>
			<ymax>346</ymax>
		</bndbox>
	</object>
</annotation>
