<annotation>
	<folder></folder>
	<filename>000011--3-_JPG_jpg.rf.52467012574a8fe0e50281ad66abe2ba.jpg</filename>
	<path>000011--3-_JPG_jpg.rf.52467012574a8fe0e50281ad66abe2ba.jpg</path>
	<source>
		<database>roboflow.ai</database>
	</source>
	<size>
		<width>416</width>
		<height>416</height>
		<depth>3</depth>
	</size>
	<segmented>0</segmented>
	<object>
		<name>metal</name>
		<pose>Unspecified</pose>
		<truncated>0</truncated>
		<difficult>0</difficult>
		<occluded>0</occluded>
		<bndbox>
			<xmin>174</xmin>
			<xmax>285</xmax>
			<ymin>157</ymin>
			<ymax>197</ymax>
		</bndbox>
	</object>
</annotation>
