<annotation>
	<folder></folder>
	<filename>000005--6-_JPG_jpg.rf.118df505f6b31cf3126687c80eecdc39.jpg</filename>
	<path>000005--6-_JPG_jpg.rf.118df505f6b31cf3126687c80eecdc39.jpg</path>
	<source>
		<database>roboflow.ai</database>
	</source>
	<size>
		<width>416</width>
		<height>416</height>
		<depth>3</depth>
	</size>
	<segmented>0</segmented>
	<object>
		<name>plastik</name>
		<pose>Unspecified</pose>
		<truncated>0</truncated>
		<difficult>0</difficult>
		<occluded>0</occluded>
		<bndbox>
			<xmin>211</xmin>
			<xmax>295</xmax>
			<ymin>126</ymin>
			<ymax>176</ymax>
		</bndbox>
	</object>
</annotation>
