<annotation>
	<folder></folder>
	<filename>000018--4-_JPG_jpg.rf.7889ddacd33fae1b32248077cf9e0100.jpg</filename>
	<path>000018--4-_JPG_jpg.rf.7889ddacd33fae1b32248077cf9e0100.jpg</path>
	<source>
		<database>roboflow.ai</database>
	</source>
	<size>
		<width>416</width>
		<height>416</height>
		<depth>3</depth>
	</size>
	<segmented>0</segmented>
	<object>
		<name>karton</name>
		<pose>Unspecified</pose>
		<truncated>0</truncated>
		<difficult>0</difficult>
		<occluded>0</occluded>
		<bndbox>
			<xmin>145</xmin>
			<xmax>250</xmax>
			<ymin>295</ymin>
			<ymax>317</ymax>
		</bndbox>
	</object>
</annotation>
