<annotation>
	<folder></folder>
	<filename>000008--4-_JPG_jpg.rf.e92e8335a6e025e774b9dc9998da9be4.jpg</filename>
	<path>000008--4-_JPG_jpg.rf.e92e8335a6e025e774b9dc9998da9be4.jpg</path>
	<source>
		<database>roboflow.ai</database>
	</source>
	<size>
		<width>416</width>
		<height>416</height>
		<depth>3</depth>
	</size>
	<segmented>0</segmented>
	<object>
		<name>plastik</name>
		<pose>Unspecified</pose>
		<truncated>0</truncated>
		<difficult>0</difficult>
		<occluded>0</occluded>
		<bndbox>
			<xmin>197</xmin>
			<xmax>235</xmax>
			<ymin>174</ymin>
			<ymax>264</ymax>
		</bndbox>
	</object>
</annotation>
