<annotation>
	<folder></folder>
	<filename>000004--2-_JPG_jpg.rf.d7438ec6afc1d6c2f9a68a8a403eb14f.jpg</filename>
	<path>000004--2-_JPG_jpg.rf.d7438ec6afc1d6c2f9a68a8a403eb14f.jpg</path>
	<source>
		<database>roboflow.ai</database>
	</source>
	<size>
		<width>416</width>
		<height>416</height>
		<depth>3</depth>
	</size>
	<segmented>0</segmented>
	<object>
		<name>kagit</name>
		<pose>Unspecified</pose>
		<truncated>0</truncated>
		<difficult>0</difficult>
		<occluded>0</occluded>
		<bndbox>
			<xmin>298</xmin>
			<xmax>342</xmax>
			<ymin>186</ymin>
			<ymax>198</ymax>
		</bndbox>
	</object>
	<object>
		<name>kagit</name>
		<pose>Unspecified</pose>
		<truncated>0</truncated>
		<difficult>0</difficult>
		<occluded>0</occluded>
		<bndbox>
			<xmin>126</xmin>
			<xmax>174</xmax>
			<ymin>180</ymin>
			<ymax>196</ymax>
		</bndbox>
	</object>
	<object>
		<name>kagit</name>
		<pose>Unspecified</pose>
		<truncated>0</truncated>
		<difficult>0</difficult>
		<occluded>0</occluded>
		<bndbox>
			<xmin>165</xmin>
			<xmax>217</xmax>
			<ymin>176</ymin>
			<ymax>196</ymax>
		</bndbox>
	</object>
</annotation>
