<annotation>
	<folder></folder>
	<filename>000010--5-_JPG_jpg.rf.f28095b0a32ac1da061a18d245c1f7bd.jpg</filename>
	<path>000010--5-_JPG_jpg.rf.f28095b0a32ac1da061a18d245c1f7bd.jpg</path>
	<source>
		<database>roboflow.ai</database>
	</source>
	<size>
		<width>416</width>
		<height>416</height>
		<depth>3</depth>
	</size>
	<segmented>0</segmented>
	<object>
		<name>plastik</name>
		<pose>Unspecified</pose>
		<truncated>0</truncated>
		<difficult>0</difficult>
		<occluded>0</occluded>
		<bndbox>
			<xmin>121</xmin>
			<xmax>214</xmax>
			<ymin>91</ymin>
			<ymax>195</ymax>
		</bndbox>
	</object>
</annotation>
