<annotation>
	<folder></folder>
	<filename>000002--2-_JPG_jpg.rf.0a0728c795beddd010e779cc415637ac.jpg</filename>
	<path>000002--2-_JPG_jpg.rf.0a0728c795beddd010e779cc415637ac.jpg</path>
	<source>
		<database>roboflow.ai</database>
	</source>
	<size>
		<width>416</width>
		<height>416</height>
		<depth>3</depth>
	</size>
	<segmented>0</segmented>
	<object>
		<name>metal</name>
		<pose>Unspecified</pose>
		<truncated>0</truncated>
		<difficult>0</difficult>
		<occluded>0</occluded>
		<bndbox>
			<xmin>224</xmin>
			<xmax>255</xmax>
			<ymin>137</ymin>
			<ymax>177</ymax>
		</bndbox>
	</object>
</annotation>
