<annotation>
	<folder></folder>
	<filename>000017--10-_jpg.rf.a73b7ff491d0ccf52878c83d5ad42b21.jpg</filename>
	<path>000017--10-_jpg.rf.a73b7ff491d0ccf52878c83d5ad42b21.jpg</path>
	<source>
		<database>roboflow.ai</database>
	</source>
	<size>
		<width>416</width>
		<height>416</height>
		<depth>3</depth>
	</size>
	<segmented>0</segmented>
	<object>
		<name>plastik</name>
		<pose>Unspecified</pose>
		<truncated>0</truncated>
		<difficult>0</difficult>
		<occluded>0</occluded>
		<bndbox>
			<xmin>122</xmin>
			<xmax>215</xmax>
			<ymin>192</ymin>
			<ymax>256</ymax>
		</bndbox>
	</object>
	<object>
		<name>karton</name>
		<pose>Unspecified</pose>
		<truncated>0</truncated>
		<difficult>0</difficult>
		<occluded>0</occluded>
		<bndbox>
			<xmin>173</xmin>
			<xmax>210</xmax>
			<ymin>291</ymin>
			<ymax>309</ymax>
		</bndbox>
	</object>
</annotation>
