<annotation>
	<folder></folder>
	<filename>000017_jpg.rf.21364da9f48bc10b0b6d791ef82eb9a2.jpg</filename>
	<path>000017_jpg.rf.21364da9f48bc10b0b6d791ef82eb9a2.jpg</path>
	<source>
		<database>roboflow.ai</database>
	</source>
	<size>
		<width>416</width>
		<height>416</height>
		<depth>3</depth>
	</size>
	<segmented>0</segmented>
	<object>
		<name>cam</name>
		<pose>Unspecified</pose>
		<truncated>0</truncated>
		<difficult>0</difficult>
		<occluded>0</occluded>
		<bndbox>
			<xmin>194</xmin>
			<xmax>247</xmax>
			<ymin>108</ymin>
			<ymax>184</ymax>
		</bndbox>
	</object>
</annotation>
