<annotation>
	<folder></folder>
	<filename>000014--6-_JPG_jpg.rf.9d9a229d29f07626f5001f2a2f5acf47.jpg</filename>
	<path>000014--6-_JPG_jpg.rf.9d9a229d29f07626f5001f2a2f5acf47.jpg</path>
	<source>
		<database>roboflow.ai</database>
	</source>
	<size>
		<width>416</width>
		<height>416</height>
		<depth>3</depth>
	</size>
	<segmented>0</segmented>
	<object>
		<name>metal</name>
		<pose>Unspecified</pose>
		<truncated>0</truncated>
		<difficult>0</difficult>
		<occluded>0</occluded>
		<bndbox>
			<xmin>166</xmin>
			<xmax>202</xmax>
			<ymin>217</ymin>
			<ymax>257</ymax>
		</bndbox>
	</object>
</annotation>
