<annotation>
	<folder></folder>
	<filename>000014--2-_JPG_jpg.rf.e72d6209df957dab57e05e7f9cfe7952.jpg</filename>
	<path>000014--2-_JPG_jpg.rf.e72d6209df957dab57e05e7f9cfe7952.jpg</path>
	<source>
		<database>roboflow.ai</database>
	</source>
	<size>
		<width>416</width>
		<height>416</height>
		<depth>3</depth>
	</size>
	<segmented>0</segmented>
	<object>
		<name>plastik</name>
		<pose>Unspecified</pose>
		<truncated>0</truncated>
		<difficult>0</difficult>
		<occluded>0</occluded>
		<bndbox>
			<xmin>251</xmin>
			<xmax>373</xmax>
			<ymin>135</ymin>
			<ymax>212</ymax>
		</bndbox>
	</object>
</annotation>
