<annotation>
	<folder></folder>
	<filename>000005_jpg.rf.71182785b40beb20c1664aa14e6f1acb.jpg</filename>
	<path>000005_jpg.rf.71182785b40beb20c1664aa14e6f1acb.jpg</path>
	<source>
		<database>roboflow.ai</database>
	</source>
	<size>
		<width>416</width>
		<height>416</height>
		<depth>3</depth>
	</size>
	<segmented>0</segmented>
	<object>
		<name>plastik</name>
		<pose>Unspecified</pose>
		<truncated>0</truncated>
		<difficult>0</difficult>
		<occluded>0</occluded>
		<bndbox>
			<xmin>113</xmin>
			<xmax>162</xmax>
			<ymin>169</ymin>
			<ymax>195</ymax>
		</bndbox>
	</object>
</annotation>
