<annotation>
	<folder></folder>
	<filename>000019_jpg.rf.29164e0489e8880f87579a1a8b535f3b.jpg</filename>
	<path>000019_jpg.rf.29164e0489e8880f87579a1a8b535f3b.jpg</path>
	<source>
		<database>roboflow.ai</database>
	</source>
	<size>
		<width>416</width>
		<height>416</height>
		<depth>3</depth>
	</size>
	<segmented>0</segmented>
	<object>
		<name>plastik</name>
		<pose>Unspecified</pose>
		<truncated>0</truncated>
		<difficult>0</difficult>
		<occluded>0</occluded>
		<bndbox>
			<xmin>15</xmin>
			<xmax>167</xmax>
			<ymin>284</ymin>
			<ymax>377</ymax>
		</bndbox>
	</object>
	<object>
		<name>metal</name>
		<pose>Unspecified</pose>
		<truncated>0</truncated>
		<difficult>0</difficult>
		<occluded>0</occluded>
		<bndbox>
			<xmin>160</xmin>
			<xmax>264</xmax>
			<ymin>226</ymin>
			<ymax>292</ymax>
		</bndbox>
	</object>
</annotation>
