<annotation>
	<folder></folder>
	<filename>000002--6-_jpg.rf.63ec0bf3d7e00efc266300d166a7ae22.jpg</filename>
	<path>000002--6-_jpg.rf.63ec0bf3d7e00efc266300d166a7ae22.jpg</path>
	<source>
		<database>roboflow.ai</database>
	</source>
	<size>
		<width>416</width>
		<height>416</height>
		<depth>3</depth>
	</size>
	<segmented>0</segmented>
	<object>
		<name>plastik</name>
		<pose>Unspecified</pose>
		<truncated>0</truncated>
		<difficult>0</difficult>
		<occluded>0</occluded>
		<bndbox>
			<xmin>140</xmin>
			<xmax>234</xmax>
			<ymin>291</ymin>
			<ymax>334</ymax>
		</bndbox>
	</object>
</annotation>
