<annotation>
	<folder></folder>
	<filename>000003--3-_JPG_jpg.rf.ec812b0be39d62e9dcec33a427490113.jpg</filename>
	<path>000003--3-_JPG_jpg.rf.ec812b0be39d62e9dcec33a427490113.jpg</path>
	<source>
		<database>roboflow.ai</database>
	</source>
	<size>
		<width>416</width>
		<height>416</height>
		<depth>3</depth>
	</size>
	<segmented>0</segmented>
	<object>
		<name>plastik</name>
		<pose>Unspecified</pose>
		<truncated>0</truncated>
		<difficult>0</difficult>
		<occluded>0</occluded>
		<bndbox>
			<xmin>131</xmin>
			<xmax>153</xmax>
			<ymin>142</ymin>
			<ymax>172</ymax>
		</bndbox>
	</object>
</annotation>
