<annotation>
	<folder></folder>
	<filename>000011--4-_JPG_jpg.rf.1bb4e5cbcb7abfe940f05bf1ec88e4bc.jpg</filename>
	<path>000011--4-_JPG_jpg.rf.1bb4e5cbcb7abfe940f05bf1ec88e4bc.jpg</path>
	<source>
		<database>roboflow.ai</database>
	</source>
	<size>
		<width>416</width>
		<height>416</height>
		<depth>3</depth>
	</size>
	<segmented>0</segmented>
	<object>
		<name>plastik</name>
		<pose>Unspecified</pose>
		<truncated>0</truncated>
		<difficult>0</difficult>
		<occluded>0</occluded>
		<bndbox>
			<xmin>222</xmin>
			<xmax>242</xmax>
			<ymin>170</ymin>
			<ymax>214</ymax>
		</bndbox>
	</object>
</annotation>
