<annotation>
	<folder></folder>
	<filename>000013--4-_JPG_jpg.rf.444a57fedf283773b0b4fd759c7c0352.jpg</filename>
	<path>000013--4-_JPG_jpg.rf.444a57fedf283773b0b4fd759c7c0352.jpg</path>
	<source>
		<database>roboflow.ai</database>
	</source>
	<size>
		<width>416</width>
		<height>416</height>
		<depth>3</depth>
	</size>
	<segmented>0</segmented>
	<object>
		<name>metal</name>
		<pose>Unspecified</pose>
		<truncated>0</truncated>
		<difficult>0</difficult>
		<occluded>0</occluded>
		<bndbox>
			<xmin>121</xmin>
			<xmax>164</xmax>
			<ymin>207</ymin>
			<ymax>223</ymax>
		</bndbox>
	</object>
</annotation>
