<annotation>
	<folder></folder>
	<filename>000010--6-_JPG_jpg.rf.fe623605c51b1838c3732b4c8c09efa7.jpg</filename>
	<path>000010--6-_JPG_jpg.rf.fe623605c51b1838c3732b4c8c09efa7.jpg</path>
	<source>
		<database>roboflow.ai</database>
	</source>
	<size>
		<width>416</width>
		<height>416</height>
		<depth>3</depth>
	</size>
	<segmented>0</segmented>
	<object>
		<name>plastik</name>
		<pose>Unspecified</pose>
		<truncated>0</truncated>
		<difficult>0</difficult>
		<occluded>0</occluded>
		<bndbox>
			<xmin>267</xmin>
			<xmax>290</xmax>
			<ymin>150</ymin>
			<ymax>165</ymax>
		</bndbox>
	</object>
	<object>
		<name>plastik</name>
		<pose>Unspecified</pose>
		<truncated>0</truncated>
		<difficult>0</difficult>
		<occluded>0</occluded>
		<bndbox>
			<xmin>249</xmin>
			<xmax>253</xmax>
			<ymin>118</ymin>
			<ymax>124</ymax>
		</bndbox>
	</object>
</annotation>
