<annotation>
	<folder></folder>
	<filename>000001_jpg.rf.553edc10532fe8c377d3a74418a16fa7.jpg</filename>
	<path>000001_jpg.rf.553edc10532fe8c377d3a74418a16fa7.jpg</path>
	<source>
		<database>roboflow.ai</database>
	</source>
	<size>
		<width>416</width>
		<height>416</height>
		<depth>3</depth>
	</size>
	<segmented>0</segmented>
	<object>
		<name>plastik</name>
		<pose>Unspecified</pose>
		<truncated>0</truncated>
		<difficult>0</difficult>
		<occluded>0</occluded>
		<bndbox>
			<xmin>158</xmin>
			<xmax>222</xmax>
			<ymin>168</ymin>
			<ymax>264</ymax>
		</bndbox>
	</object>
</annotation>
