<annotation>
	<folder></folder>
	<filename>000014--8-_jpg.rf.d0a5a61c40ed1ada9417b1531757ebab.jpg</filename>
	<path>000014--8-_jpg.rf.d0a5a61c40ed1ada9417b1531757ebab.jpg</path>
	<source>
		<database>roboflow.ai</database>
	</source>
	<size>
		<width>416</width>
		<height>416</height>
		<depth>3</depth>
	</size>
	<segmented>0</segmented>
	<object>
		<name>plastik</name>
		<pose>Unspecified</pose>
		<truncated>0</truncated>
		<difficult>0</difficult>
		<occluded>0</occluded>
		<bndbox>
			<xmin>187</xmin>
			<xmax>246</xmax>
			<ymin>256</ymin>
			<ymax>309</ymax>
		</bndbox>
	</object>
	<object>
		<name>plastik</name>
		<pose>Unspecified</pose>
		<truncated>0</truncated>
		<difficult>0</difficult>
		<occluded>0</occluded>
		<bndbox>
			<xmin>264</xmin>
			<xmax>316</xmax>
			<ymin>231</ymin>
			<ymax>260</ymax>
		</bndbox>
	</object>
	<object>
		<name>kagit</name>
		<pose>Unspecified</pose>
		<truncated>0</truncated>
		<difficult>0</difficult>
		<occluded>0</occluded>
		<bndbox>
			<xmin>310</xmin>
			<xmax>339</xmax>
			<ymin>235</ymin>
			<ymax>263</ymax>
		</bndbox>
	</object>
	<object>
		<name>plastik</name>
		<pose>Unspecified</pose>
		<truncated>0</truncated>
		<difficult>0</difficult>
		<occluded>0</occluded>
		<bndbox>
			<xmin>240</xmin>
			<xmax>267</xmax>
			<ymin>242</ymin>
			<ymax>275</ymax>
		</bndbox>
	</object>
</annotation>
