<annotation>
	<folder></folder>
	<filename>000020--7-_jpg.rf.8e41f3a4f5ef3a964ad788977f3d38c9.jpg</filename>
	<path>000020--7-_jpg.rf.8e41f3a4f5ef3a964ad788977f3d38c9.jpg</path>
	<source>
		<database>roboflow.ai</database>
	</source>
	<size>
		<width>416</width>
		<height>416</height>
		<depth>3</depth>
	</size>
	<segmented>0</segmented>
	<object>
		<name>plastik</name>
		<pose>Unspecified</pose>
		<truncated>0</truncated>
		<difficult>0</difficult>
		<occluded>0</occluded>
		<bndbox>
			<xmin>287</xmin>
			<xmax>362</xmax>
			<ymin>93</ymin>
			<ymax>293</ymax>
		</bndbox>
	</object>
</annotation>
