<annotation>
	<folder></folder>
	<filename>000009--9-_jpg.rf.a808228de9e836081cdce1c4df66ca41.jpg</filename>
	<path>000009--9-_jpg.rf.a808228de9e836081cdce1c4df66ca41.jpg</path>
	<source>
		<database>roboflow.ai</database>
	</source>
	<size>
		<width>416</width>
		<height>416</height>
		<depth>3</depth>
	</size>
	<segmented>0</segmented>
	<object>
		<name>plastik</name>
		<pose>Unspecified</pose>
		<truncated>0</truncated>
		<difficult>0</difficult>
		<occluded>0</occluded>
		<bndbox>
			<xmin>32</xmin>
			<xmax>160</xmax>
			<ymin>22</ymin>
			<ymax>183</ymax>
		</bndbox>
	</object>
	<object>
		<name>kagit</name>
		<pose>Unspecified</pose>
		<truncated>0</truncated>
		<difficult>0</difficult>
		<occluded>0</occluded>
		<bndbox>
			<xmin>357</xmin>
			<xmax>391</xmax>
			<ymin>239</ymin>
			<ymax>328</ymax>
		</bndbox>
	</object>
</annotation>
