<annotation>
	<folder></folder>
	<filename>000013--11-_jpg.rf.f094d5576e17733f67cf8d9705e7d1d0.jpg</filename>
	<path>000013--11-_jpg.rf.f094d5576e17733f67cf8d9705e7d1d0.jpg</path>
	<source>
		<database>roboflow.ai</database>
	</source>
	<size>
		<width>416</width>
		<height>416</height>
		<depth>3</depth>
	</size>
	<segmented>0</segmented>
	<object>
		<name>plastik</name>
		<pose>Unspecified</pose>
		<truncated>0</truncated>
		<difficult>0</difficult>
		<occluded>0</occluded>
		<bndbox>
			<xmin>104</xmin>
			<xmax>326</xmax>
			<ymin>27</ymin>
			<ymax>163</ymax>
		</bndbox>
	</object>
</annotation>
