<annotation>
	<folder></folder>
	<filename>000008_jpg.rf.285adee31d185596d3f606aa7912d5f3.jpg</filename>
	<path>000008_jpg.rf.285adee31d185596d3f606aa7912d5f3.jpg</path>
	<source>
		<database>roboflow.ai</database>
	</source>
	<size>
		<width>416</width>
		<height>416</height>
		<depth>3</depth>
	</size>
	<segmented>0</segmented>
	<object>
		<name>karton</name>
		<pose>Unspecified</pose>
		<truncated>0</truncated>
		<difficult>0</difficult>
		<occluded>0</occluded>
		<bndbox>
			<xmin>15</xmin>
			<xmax>330</xmax>
			<ymin>28</ymin>
			<ymax>416</ymax>
		</bndbox>
	</object>
	<object>
		<name>karton</name>
		<pose>Unspecified</pose>
		<truncated>0</truncated>
		<difficult>0</difficult>
		<occluded>0</occluded>
		<bndbox>
			<xmin>219</xmin>
			<xmax>363</xmax>
			<ymin>2</ymin>
			<ymax>274</ymax>
		</bndbox>
	</object>
</annotation>
