<annotation>
	<folder></folder>
	<filename>000019--10-_jpg.rf.a42c9d7479718799361287ae5c9707fc.jpg</filename>
	<path>000019--10-_jpg.rf.a42c9d7479718799361287ae5c9707fc.jpg</path>
	<source>
		<database>roboflow.ai</database>
	</source>
	<size>
		<width>416</width>
		<height>416</height>
		<depth>3</depth>
	</size>
	<segmented>0</segmented>
	<object>
		<name>plastik</name>
		<pose>Unspecified</pose>
		<truncated>0</truncated>
		<difficult>0</difficult>
		<occluded>0</occluded>
		<bndbox>
			<xmin>199</xmin>
			<xmax>231</xmax>
			<ymin>186</ymin>
			<ymax>214</ymax>
		</bndbox>
	</object>
</annotation>
