<annotation>
	<folder></folder>
	<filename>000001--6-_jpg.rf.321c6cd440820eb131b0e7f54b099a64.jpg</filename>
	<path>000001--6-_jpg.rf.321c6cd440820eb131b0e7f54b099a64.jpg</path>
	<source>
		<database>roboflow.ai</database>
	</source>
	<size>
		<width>416</width>
		<height>416</height>
		<depth>3</depth>
	</size>
	<segmented>0</segmented>
	<object>
		<name>metal</name>
		<pose>Unspecified</pose>
		<truncated>0</truncated>
		<difficult>0</difficult>
		<occluded>0</occluded>
		<bndbox>
			<xmin>248</xmin>
			<xmax>295</xmax>
			<ymin>208</ymin>
			<ymax>238</ymax>
		</bndbox>
	</object>
</annotation>
