<annotation>
	<folder></folder>
	<filename>000017--8-_jpg.rf.e6d9507e229d72575154c55f0f5e6778.jpg</filename>
	<path>000017--8-_jpg.rf.e6d9507e229d72575154c55f0f5e6778.jpg</path>
	<source>
		<database>roboflow.ai</database>
	</source>
	<size>
		<width>416</width>
		<height>416</height>
		<depth>3</depth>
	</size>
	<segmented>0</segmented>
	<object>
		<name>kagit</name>
		<pose>Unspecified</pose>
		<truncated>0</truncated>
		<difficult>0</difficult>
		<occluded>0</occluded>
		<bndbox>
			<xmin>267</xmin>
			<xmax>277</xmax>
			<ymin>199</ymin>
			<ymax>253</ymax>
		</bndbox>
	</object>
</annotation>
