<annotation>
	<folder></folder>
	<filename>000002--7-_jpg.rf.8cfa3373394b2c4dadcf105e71e3cf69.jpg</filename>
	<path>000002--7-_jpg.rf.8cfa3373394b2c4dadcf105e71e3cf69.jpg</path>
	<source>
		<database>roboflow.ai</database>
	</source>
	<size>
		<width>416</width>
		<height>416</height>
		<depth>3</depth>
	</size>
	<segmented>0</segmented>
	<object>
		<name>plastik</name>
		<pose>Unspecified</pose>
		<truncated>0</truncated>
		<difficult>0</difficult>
		<occluded>0</occluded>
		<bndbox>
			<xmin>144</xmin>
			<xmax>193</xmax>
			<ymin>247</ymin>
			<ymax>290</ymax>
		</bndbox>
	</object>
</annotation>
