<annotation>
	<folder></folder>
	<filename>000008--11-_jpg.rf.db45c4eee55231cb4d9cb4394e9b4300.jpg</filename>
	<path>000008--11-_jpg.rf.db45c4eee55231cb4d9cb4394e9b4300.jpg</path>
	<source>
		<database>roboflow.ai</database>
	</source>
	<size>
		<width>416</width>
		<height>416</height>
		<depth>3</depth>
	</size>
	<segmented>0</segmented>
	<object>
		<name>metal</name>
		<pose>Unspecified</pose>
		<truncated>0</truncated>
		<difficult>0</difficult>
		<occluded>0</occluded>
		<bndbox>
			<xmin>137</xmin>
			<xmax>336</xmax>
			<ymin>94</ymin>
			<ymax>277</ymax>
		</bndbox>
	</object>
</annotation>
