<annotation>
	<folder></folder>
	<filename>000013--6-_JPG_jpg.rf.28c84995efbd6f5067d851a5ef57411b.jpg</filename>
	<path>000013--6-_JPG_jpg.rf.28c84995efbd6f5067d851a5ef57411b.jpg</path>
	<source>
		<database>roboflow.ai</database>
	</source>
	<size>
		<width>416</width>
		<height>416</height>
		<depth>3</depth>
	</size>
	<segmented>0</segmented>
	<object>
		<name>metal</name>
		<pose>Unspecified</pose>
		<truncated>0</truncated>
		<difficult>0</difficult>
		<occluded>0</occluded>
		<bndbox>
			<xmin>197</xmin>
			<xmax>239</xmax>
			<ymin>172</ymin>
			<ymax>214</ymax>
		</bndbox>
	</object>
	<object>
		<name>kagit</name>
		<pose>Unspecified</pose>
		<truncated>0</truncated>
		<difficult>0</difficult>
		<occluded>0</occluded>
		<bndbox>
			<xmin>179</xmin>
			<xmax>261</xmax>
			<ymin>213</ymin>
			<ymax>307</ymax>
		</bndbox>
	</object>
</annotation>
