<annotation>
	<folder></folder>
	<filename>000004--8-_jpg.rf.2e8aa0fedb3616dd0fe448ecfaf83cfa.jpg</filename>
	<path>000004--8-_jpg.rf.2e8aa0fedb3616dd0fe448ecfaf83cfa.jpg</path>
	<source>
		<database>roboflow.ai</database>
	</source>
	<size>
		<width>416</width>
		<height>416</height>
		<depth>3</depth>
	</size>
	<segmented>0</segmented>
	<object>
		<name>kopuk</name>
		<pose>Unspecified</pose>
		<truncated>0</truncated>
		<difficult>0</difficult>
		<occluded>0</occluded>
		<bndbox>
			<xmin>22</xmin>
			<xmax>400</xmax>
			<ymin>2</ymin>
			<ymax>266</ymax>
		</bndbox>
	</object>
	<object>
		<name>karton</name>
		<pose>Unspecified</pose>
		<truncated>0</truncated>
		<difficult>0</difficult>
		<occluded>0</occluded>
		<bndbox>
			<xmin>150</xmin>
			<xmax>278</xmax>
			<ymin>257</ymin>
			<ymax>416</ymax>
		</bndbox>
	</object>
</annotation>
