<annotation>
	<folder></folder>
	<filename>000019--11-_jpg.rf.46efc7148dfd9df6405667bfade3bd34.jpg</filename>
	<path>000019--11-_jpg.rf.46efc7148dfd9df6405667bfade3bd34.jpg</path>
	<source>
		<database>roboflow.ai</database>
	</source>
	<size>
		<width>416</width>
		<height>416</height>
		<depth>3</depth>
	</size>
	<segmented>0</segmented>
	<object>
		<name>plastik</name>
		<pose>Unspecified</pose>
		<truncated>0</truncated>
		<difficult>0</difficult>
		<occluded>0</occluded>
		<bndbox>
			<xmin>193</xmin>
			<xmax>275</xmax>
			<ymin>199</ymin>
			<ymax>242</ymax>
		</bndbox>
	</object>
	<object>
		<name>plastik</name>
		<pose>Unspecified</pose>
		<truncated>0</truncated>
		<difficult>0</difficult>
		<occluded>0</occluded>
		<bndbox>
			<xmin>194</xmin>
			<xmax>262</xmax>
			<ymin>236</ymin>
			<ymax>262</ymax>
		</bndbox>
	</object>
	<object>
		<name>plastik</name>
		<pose>Unspecified</pose>
		<truncated>0</truncated>
		<difficult>0</difficult>
		<occluded>0</occluded>
		<bndbox>
			<xmin>148</xmin>
			<xmax>222</xmax>
			<ymin>210</ymin>
			<ymax>246</ymax>
		</bndbox>
	</object>
	<object>
		<name>plastik</name>
		<pose>Unspecified</pose>
		<truncated>0</truncated>
		<difficult>0</difficult>
		<occluded>0</occluded>
		<bndbox>
			<xmin>127</xmin>
			<xmax>191</xmax>
			<ymin>226</ymin>
			<ymax>232</ymax>
		</bndbox>
	</object>
	<object>
		<name>karton</name>
		<pose>Unspecified</pose>
		<truncated>0</truncated>
		<difficult>0</difficult>
		<occluded>0</occluded>
		<bndbox>
			<xmin>148</xmin>
			<xmax>194</xmax>
			<ymin>173</ymin>
			<ymax>199</ymax>
		</bndbox>
	</object>
	<object>
		<name>plastik</name>
		<pose>Unspecified</pose>
		<truncated>0</truncated>
		<difficult>0</difficult>
		<occluded>0</occluded>
		<bndbox>
			<xmin>170</xmin>
			<xmax>209</xmax>
			<ymin>165</ymin>
			<ymax>189</ymax>
		</bndbox>
	</object>
</annotation>
