<annotation>
	<folder></folder>
	<filename>000014--3-_JPG_jpg.rf.2cb2c31691689c43195a1012feec9c35.jpg</filename>
	<path>000014--3-_JPG_jpg.rf.2cb2c31691689c43195a1012feec9c35.jpg</path>
	<source>
		<database>roboflow.ai</database>
	</source>
	<size>
		<width>416</width>
		<height>416</height>
		<depth>3</depth>
	</size>
	<segmented>0</segmented>
	<object>
		<name>plastik</name>
		<pose>Unspecified</pose>
		<truncated>0</truncated>
		<difficult>0</difficult>
		<occluded>0</occluded>
		<bndbox>
			<xmin>247</xmin>
			<xmax>259</xmax>
			<ymin>282</ymin>
			<ymax>298</ymax>
		</bndbox>
	</object>
</annotation>
