<annotation>
	<folder></folder>
	<filename>000001--2-_JPG_jpg.rf.02918655ed87c74d3e606a30de19a125.jpg</filename>
	<path>000001--2-_JPG_jpg.rf.02918655ed87c74d3e606a30de19a125.jpg</path>
	<source>
		<database>roboflow.ai</database>
	</source>
	<size>
		<width>416</width>
		<height>416</height>
		<depth>3</depth>
	</size>
	<segmented>0</segmented>
	<object>
		<name>cam</name>
		<pose>Unspecified</pose>
		<truncated>0</truncated>
		<difficult>0</difficult>
		<occluded>0</occluded>
		<bndbox>
			<xmin>204</xmin>
			<xmax>233</xmax>
			<ymin>302</ymin>
			<ymax>350</ymax>
		</bndbox>
	</object>
	<object>
		<name>cam</name>
		<pose>Unspecified</pose>
		<truncated>0</truncated>
		<difficult>0</difficult>
		<occluded>0</occluded>
		<bndbox>
			<xmin>140</xmin>
			<xmax>212</xmax>
			<ymin>48</ymin>
			<ymax>76</ymax>
		</bndbox>
	</object>
	<object>
		<name>plastik</name>
		<pose>Unspecified</pose>
		<truncated>0</truncated>
		<difficult>0</difficult>
		<occluded>0</occluded>
		<bndbox>
			<xmin>270</xmin>
			<xmax>298</xmax>
			<ymin>61</ymin>
			<ymax>75</ymax>
		</bndbox>
	</object>
</annotation>
