<annotation>
	<folder></folder>
	<filename>000019--3-_JPG_jpg.rf.63309c53f39834c7f78f8eaece4802a5.jpg</filename>
	<path>000019--3-_JPG_jpg.rf.63309c53f39834c7f78f8eaece4802a5.jpg</path>
	<source>
		<database>roboflow.ai</database>
	</source>
	<size>
		<width>416</width>
		<height>416</height>
		<depth>3</depth>
	</size>
	<segmented>0</segmented>
	<object>
		<name>plastik</name>
		<pose>Unspecified</pose>
		<truncated>0</truncated>
		<difficult>0</difficult>
		<occluded>0</occluded>
		<bndbox>
			<xmin>302</xmin>
			<xmax>332</xmax>
			<ymin>232</ymin>
			<ymax>258</ymax>
		</bndbox>
	</object>
</annotation>
