<annotation>
	<folder></folder>
	<filename>000016--9-_jpg.rf.8f3a6082701a542f67d32c588ab8724d.jpg</filename>
	<path>000016--9-_jpg.rf.8f3a6082701a542f67d32c588ab8724d.jpg</path>
	<source>
		<database>roboflow.ai</database>
	</source>
	<size>
		<width>416</width>
		<height>416</height>
		<depth>3</depth>
	</size>
	<segmented>0</segmented>
	<object>
		<name>kopuk</name>
		<pose>Unspecified</pose>
		<truncated>0</truncated>
		<difficult>0</difficult>
		<occluded>0</occluded>
		<bndbox>
			<xmin>235</xmin>
			<xmax>322</xmax>
			<ymin>87</ymin>
			<ymax>417</ymax>
		</bndbox>
	</object>
	<object>
		<name>karton</name>
		<pose>Unspecified</pose>
		<truncated>0</truncated>
		<difficult>0</difficult>
		<occluded>0</occluded>
		<bndbox>
			<xmin>60</xmin>
			<xmax>180</xmax>
			<ymin>49</ymin>
			<ymax>235</ymax>
		</bndbox>
	</object>
</annotation>
