<annotation>
	<folder></folder>
	<filename>000008--11-_jpg.rf.74f8ebbdb46d77a180bfcca8aa9cde60.jpg</filename>
	<path>000008--11-_jpg.rf.74f8ebbdb46d77a180bfcca8aa9cde60.jpg</path>
	<source>
		<database>roboflow.ai</database>
	</source>
	<size>
		<width>416</width>
		<height>416</height>
		<depth>3</depth>
	</size>
	<segmented>0</segmented>
	<object>
		<name>metal</name>
		<pose>Unspecified</pose>
		<truncated>0</truncated>
		<difficult>0</difficult>
		<occluded>0</occluded>
		<bndbox>
			<xmin>83</xmin>
			<xmax>282</xmax>
			<ymin>142</ymin>
			<ymax>325</ymax>
		</bndbox>
	</object>
</annotation>
