<annotation>
	<folder></folder>
	<filename>000015--9-_jpg.rf.39a2d4433a6ae7fa492cdaf2452fbd63.jpg</filename>
	<path>000015--9-_jpg.rf.39a2d4433a6ae7fa492cdaf2452fbd63.jpg</path>
	<source>
		<database>roboflow.ai</database>
	</source>
	<size>
		<width>416</width>
		<height>416</height>
		<depth>3</depth>
	</size>
	<segmented>0</segmented>
	<object>
		<name>plastik</name>
		<pose>Unspecified</pose>
		<truncated>0</truncated>
		<difficult>0</difficult>
		<occluded>0</occluded>
		<bndbox>
			<xmin>97</xmin>
			<xmax>119</xmax>
			<ymin>261</ymin>
			<ymax>271</ymax>
		</bndbox>
	</object>
	<object>
		<name>cam</name>
		<pose>Unspecified</pose>
		<truncated>0</truncated>
		<difficult>0</difficult>
		<occluded>0</occluded>
		<bndbox>
			<xmin>65</xmin>
			<xmax>95</xmax>
			<ymin>266</ymin>
			<ymax>270</ymax>
		</bndbox>
	</object>
	<object>
		<name>metal</name>
		<pose>Unspecified</pose>
		<truncated>0</truncated>
		<difficult>0</difficult>
		<occluded>0</occluded>
		<bndbox>
			<xmin>273</xmin>
			<xmax>282</xmax>
			<ymin>158</ymin>
			<ymax>162</ymax>
		</bndbox>
	</object>
	<object>
		<name>metal</name>
		<pose>Unspecified</pose>
		<truncated>0</truncated>
		<difficult>0</difficult>
		<occluded>0</occluded>
		<bndbox>
			<xmin>287</xmin>
			<xmax>298</xmax>
			<ymin>160</ymin>
			<ymax>163</ymax>
		</bndbox>
	</object>
</annotation>
