<annotation>
	<folder></folder>
	<filename>000000--11-_jpg.rf.c13e4c85c90071ae30728b503122de39.jpg</filename>
	<path>000000--11-_jpg.rf.c13e4c85c90071ae30728b503122de39.jpg</path>
	<source>
		<database>roboflow.ai</database>
	</source>
	<size>
		<width>416</width>
		<height>416</height>
		<depth>3</depth>
	</size>
	<segmented>0</segmented>
	<object>
		<name>plastik</name>
		<pose>Unspecified</pose>
		<truncated>0</truncated>
		<difficult>0</difficult>
		<occluded>0</occluded>
		<bndbox>
			<xmin>190</xmin>
			<xmax>236</xmax>
			<ymin>229</ymin>
			<ymax>249</ymax>
		</bndbox>
	</object>
</annotation>
