<annotation>
	<folder></folder>
	<filename>000019--10-_jpg.rf.65a4388837aa4fb431acdc9f9b8f4aad.jpg</filename>
	<path>000019--10-_jpg.rf.65a4388837aa4fb431acdc9f9b8f4aad.jpg</path>
	<source>
		<database>roboflow.ai</database>
	</source>
	<size>
		<width>416</width>
		<height>416</height>
		<depth>3</depth>
	</size>
	<segmented>0</segmented>
	<object>
		<name>plastik</name>
		<pose>Unspecified</pose>
		<truncated>0</truncated>
		<difficult>0</difficult>
		<occluded>0</occluded>
		<bndbox>
			<xmin>204</xmin>
			<xmax>232</xmax>
			<ymin>199</ymin>
			<ymax>231</ymax>
		</bndbox>
	</object>
</annotation>
