<annotation>
	<folder></folder>
	<filename>000007--9-_jpg.rf.7e389691045fa68e2559c03f06710d9c.jpg</filename>
	<path>000007--9-_jpg.rf.7e389691045fa68e2559c03f06710d9c.jpg</path>
	<source>
		<database>roboflow.ai</database>
	</source>
	<size>
		<width>416</width>
		<height>416</height>
		<depth>3</depth>
	</size>
	<segmented>0</segmented>
	<object>
		<name>diger</name>
		<pose>Unspecified</pose>
		<truncated>0</truncated>
		<difficult>0</difficult>
		<occluded>0</occluded>
		<bndbox>
			<xmin>103</xmin>
			<xmax>191</xmax>
			<ymin>268</ymin>
			<ymax>391</ymax>
		</bndbox>
	</object>
</annotation>
