<annotation>
	<folder></folder>
	<filename>000006--10-_jpg.rf.3ef838e4ffcfb626c99bda2c41c8f164.jpg</filename>
	<path>000006--10-_jpg.rf.3ef838e4ffcfb626c99bda2c41c8f164.jpg</path>
	<source>
		<database>roboflow.ai</database>
	</source>
	<size>
		<width>416</width>
		<height>416</height>
		<depth>3</depth>
	</size>
	<segmented>0</segmented>
	<object>
		<name>karton</name>
		<pose>Unspecified</pose>
		<truncated>0</truncated>
		<difficult>0</difficult>
		<occluded>0</occluded>
		<bndbox>
			<xmin>263</xmin>
			<xmax>403</xmax>
			<ymin>217</ymin>
			<ymax>287</ymax>
		</bndbox>
	</object>
	<object>
		<name>karton</name>
		<pose>Unspecified</pose>
		<truncated>0</truncated>
		<difficult>0</difficult>
		<occluded>0</occluded>
		<bndbox>
			<xmin>148</xmin>
			<xmax>302</xmax>
			<ymin>188</ymin>
			<ymax>282</ymax>
		</bndbox>
	</object>
	<object>
		<name>karton</name>
		<pose>Unspecified</pose>
		<truncated>0</truncated>
		<difficult>0</difficult>
		<occluded>0</occluded>
		<bndbox>
			<xmin>25</xmin>
			<xmax>187</xmax>
			<ymin>177</ymin>
			<ymax>250</ymax>
		</bndbox>
	</object>
</annotation>
