<annotation>
	<folder></folder>
	<filename>000010--11-_jpg.rf.dda92f9c7139c39cd7adbf94c7495431.jpg</filename>
	<path>000010--11-_jpg.rf.dda92f9c7139c39cd7adbf94c7495431.jpg</path>
	<source>
		<database>roboflow.ai</database>
	</source>
	<size>
		<width>416</width>
		<height>416</height>
		<depth>3</depth>
	</size>
	<segmented>0</segmented>
	<object>
		<name>plastik</name>
		<pose>Unspecified</pose>
		<truncated>0</truncated>
		<difficult>0</difficult>
		<occluded>0</occluded>
		<bndbox>
			<xmin>172</xmin>
			<xmax>356</xmax>
			<ymin>37</ymin>
			<ymax>409</ymax>
		</bndbox>
	</object>
</annotation>
