<annotation>
	<folder></folder>
	<filename>000014--10-_jpg.rf.3bab61a3ad9d72f74a5abfad3a7a48fb.jpg</filename>
	<path>000014--10-_jpg.rf.3bab61a3ad9d72f74a5abfad3a7a48fb.jpg</path>
	<source>
		<database>roboflow.ai</database>
	</source>
	<size>
		<width>416</width>
		<height>416</height>
		<depth>3</depth>
	</size>
	<segmented>0</segmented>
	<object>
		<name>diger</name>
		<pose>Unspecified</pose>
		<truncated>0</truncated>
		<difficult>0</difficult>
		<occluded>0</occluded>
		<bndbox>
			<xmin>114</xmin>
			<xmax>174</xmax>
			<ymin>222</ymin>
			<ymax>360</ymax>
		</bndbox>
	</object>
	<object>
		<name>karton</name>
		<pose>Unspecified</pose>
		<truncated>0</truncated>
		<difficult>0</difficult>
		<occluded>0</occluded>
		<bndbox>
			<xmin>117</xmin>
			<xmax>237</xmax>
			<ymin>42</ymin>
			<ymax>358</ymax>
		</bndbox>
	</object>
</annotation>
