<annotation>
	<folder></folder>
	<filename>000002--5-_jpg.rf.e24a9594de4912c65fe2868afd996ab7.jpg</filename>
	<path>000002--5-_jpg.rf.e24a9594de4912c65fe2868afd996ab7.jpg</path>
	<source>
		<database>roboflow.ai</database>
	</source>
	<size>
		<width>416</width>
		<height>416</height>
		<depth>3</depth>
	</size>
	<segmented>0</segmented>
	<object>
		<name>karton</name>
		<pose>Unspecified</pose>
		<truncated>0</truncated>
		<difficult>0</difficult>
		<occluded>0</occluded>
		<bndbox>
			<xmin>212</xmin>
			<xmax>242</xmax>
			<ymin>160</ymin>
			<ymax>183</ymax>
		</bndbox>
	</object>
</annotation>
