<annotation>
	<folder></folder>
	<filename>000020--2-_JPG_jpg.rf.6d66c66f8d7aaf260fcd4b37a469f7d4.jpg</filename>
	<path>000020--2-_JPG_jpg.rf.6d66c66f8d7aaf260fcd4b37a469f7d4.jpg</path>
	<source>
		<database>roboflow.ai</database>
	</source>
	<size>
		<width>416</width>
		<height>416</height>
		<depth>3</depth>
	</size>
	<segmented>0</segmented>
	<object>
		<name>plastik</name>
		<pose>Unspecified</pose>
		<truncated>0</truncated>
		<difficult>0</difficult>
		<occluded>0</occluded>
		<bndbox>
			<xmin>206</xmin>
			<xmax>238</xmax>
			<ymin>160</ymin>
			<ymax>225</ymax>
		</bndbox>
	</object>
</annotation>
