<annotation>
	<folder></folder>
	<filename>000003--10-_jpg.rf.012e15086a984c8517ab2773406e3bbe.jpg</filename>
	<path>000003--10-_jpg.rf.012e15086a984c8517ab2773406e3bbe.jpg</path>
	<source>
		<database>roboflow.ai</database>
	</source>
	<size>
		<width>416</width>
		<height>416</height>
		<depth>3</depth>
	</size>
	<segmented>0</segmented>
	<object>
		<name>kagit</name>
		<pose>Unspecified</pose>
		<truncated>0</truncated>
		<difficult>0</difficult>
		<occluded>0</occluded>
		<bndbox>
			<xmin>155</xmin>
			<xmax>301</xmax>
			<ymin>236</ymin>
			<ymax>284</ymax>
		</bndbox>
	</object>
</annotation>
