<annotation>
	<folder></folder>
	<filename>000001--5-_JPG_jpg.rf.d0649dd4174ccd6bc978e6016bb5d0b2.jpg</filename>
	<path>000001--5-_JPG_jpg.rf.d0649dd4174ccd6bc978e6016bb5d0b2.jpg</path>
	<source>
		<database>roboflow.ai</database>
	</source>
	<size>
		<width>416</width>
		<height>416</height>
		<depth>3</depth>
	</size>
	<segmented>0</segmented>
	<object>
		<name>plastik</name>
		<pose>Unspecified</pose>
		<truncated>0</truncated>
		<difficult>0</difficult>
		<occluded>0</occluded>
		<bndbox>
			<xmin>104</xmin>
			<xmax>119</xmax>
			<ymin>137</ymin>
			<ymax>147</ymax>
		</bndbox>
	</object>
	<object>
		<name>plastik</name>
		<pose>Unspecified</pose>
		<truncated>0</truncated>
		<difficult>0</difficult>
		<occluded>0</occluded>
		<bndbox>
			<xmin>286</xmin>
			<xmax>308</xmax>
			<ymin>267</ymin>
			<ymax>285</ymax>
		</bndbox>
	</object>
</annotation>
