<annotation>
	<folder></folder>
	<filename>000000--6-_JPG_jpg.rf.e3abb4d333a2747da6885d67f0340f32.jpg</filename>
	<path>000000--6-_JPG_jpg.rf.e3abb4d333a2747da6885d67f0340f32.jpg</path>
	<source>
		<database>roboflow.ai</database>
	</source>
	<size>
		<width>416</width>
		<height>416</height>
		<depth>3</depth>
	</size>
	<segmented>0</segmented>
	<object>
		<name>plastik</name>
		<pose>Unspecified</pose>
		<truncated>0</truncated>
		<difficult>0</difficult>
		<occluded>0</occluded>
		<bndbox>
			<xmin>245</xmin>
			<xmax>257</xmax>
			<ymin>250</ymin>
			<ymax>279</ymax>
		</bndbox>
	</object>
</annotation>
