<annotation>
	<folder></folder>
	<filename>000001--8-_jpg.rf.4914b00152e5ce6cb2127c5f2af552a3.jpg</filename>
	<path>000001--8-_jpg.rf.4914b00152e5ce6cb2127c5f2af552a3.jpg</path>
	<source>
		<database>roboflow.ai</database>
	</source>
	<size>
		<width>416</width>
		<height>416</height>
		<depth>3</depth>
	</size>
	<segmented>0</segmented>
	<object>
		<name>karton</name>
		<pose>Unspecified</pose>
		<truncated>0</truncated>
		<difficult>0</difficult>
		<occluded>0</occluded>
		<bndbox>
			<xmin>26</xmin>
			<xmax>74</xmax>
			<ymin>23</ymin>
			<ymax>114</ymax>
		</bndbox>
	</object>
	<object>
		<name>karton</name>
		<pose>Unspecified</pose>
		<truncated>0</truncated>
		<difficult>0</difficult>
		<occluded>0</occluded>
		<bndbox>
			<xmin>89</xmin>
			<xmax>109</xmax>
			<ymin>174</ymin>
			<ymax>216</ymax>
		</bndbox>
	</object>
	<object>
		<name>karton</name>
		<pose>Unspecified</pose>
		<truncated>0</truncated>
		<difficult>0</difficult>
		<occluded>0</occluded>
		<bndbox>
			<xmin>234</xmin>
			<xmax>264</xmax>
			<ymin>190</ymin>
			<ymax>240</ymax>
		</bndbox>
	</object>
</annotation>
