<annotation>
	<folder></folder>
	<filename>000009--8-_jpg.rf.0c259e07adb0b3a3ca078219a81bedc7.jpg</filename>
	<path>000009--8-_jpg.rf.0c259e07adb0b3a3ca078219a81bedc7.jpg</path>
	<source>
		<database>roboflow.ai</database>
	</source>
	<size>
		<width>416</width>
		<height>416</height>
		<depth>3</depth>
	</size>
	<segmented>0</segmented>
	<object>
		<name>karton</name>
		<pose>Unspecified</pose>
		<truncated>0</truncated>
		<difficult>0</difficult>
		<occluded>0</occluded>
		<bndbox>
			<xmin>170</xmin>
			<xmax>371</xmax>
			<ymin>255</ymin>
			<ymax>341</ymax>
		</bndbox>
	</object>
	<object>
		<name>plastik</name>
		<pose>Unspecified</pose>
		<truncated>0</truncated>
		<difficult>0</difficult>
		<occluded>0</occluded>
		<bndbox>
			<xmin>175</xmin>
			<xmax>359</xmax>
			<ymin>70</ymin>
			<ymax>142</ymax>
		</bndbox>
	</object>
</annotation>
