<annotation>
	<folder></folder>
	<filename>000013--2-_JPG_jpg.rf.df5df613bd46732516f1da1f95e79053.jpg</filename>
	<path>000013--2-_JPG_jpg.rf.df5df613bd46732516f1da1f95e79053.jpg</path>
	<source>
		<database>roboflow.ai</database>
	</source>
	<size>
		<width>416</width>
		<height>416</height>
		<depth>3</depth>
	</size>
	<segmented>0</segmented>
	<object>
		<name>plastik</name>
		<pose>Unspecified</pose>
		<truncated>0</truncated>
		<difficult>0</difficult>
		<occluded>0</occluded>
		<bndbox>
			<xmin>179</xmin>
			<xmax>232</xmax>
			<ymin>168</ymin>
			<ymax>211</ymax>
		</bndbox>
	</object>
</annotation>
