<annotation>
	<folder></folder>
	<filename>000001--6-_jpg.rf.a84572af3228ddaebd7da454e7a16e0b.jpg</filename>
	<path>000001--6-_jpg.rf.a84572af3228ddaebd7da454e7a16e0b.jpg</path>
	<source>
		<database>roboflow.ai</database>
	</source>
	<size>
		<width>416</width>
		<height>416</height>
		<depth>3</depth>
	</size>
	<segmented>0</segmented>
	<object>
		<name>metal</name>
		<pose>Unspecified</pose>
		<truncated>0</truncated>
		<difficult>0</difficult>
		<occluded>0</occluded>
		<bndbox>
			<xmin>124</xmin>
			<xmax>171</xmax>
			<ymin>180</ymin>
			<ymax>210</ymax>
		</bndbox>
	</object>
</annotation>
