<annotation>
	<folder></folder>
	<filename>000019--7-_jpg.rf.f9a890b294cff21e7797f5dfcc850e9e.jpg</filename>
	<path>000019--7-_jpg.rf.f9a890b294cff21e7797f5dfcc850e9e.jpg</path>
	<source>
		<database>roboflow.ai</database>
	</source>
	<size>
		<width>416</width>
		<height>416</height>
		<depth>3</depth>
	</size>
	<segmented>0</segmented>
	<object>
		<name>plastik</name>
		<pose>Unspecified</pose>
		<truncated>0</truncated>
		<difficult>0</difficult>
		<occluded>0</occluded>
		<bndbox>
			<xmin>187</xmin>
			<xmax>276</xmax>
			<ymin>197</ymin>
			<ymax>273</ymax>
		</bndbox>
	</object>
</annotation>
