<annotation>
	<folder></folder>
	<filename>000004--6-_jpg.rf.991d0cdd5affe33e5cdca53a0a6e7264.jpg</filename>
	<path>000004--6-_jpg.rf.991d0cdd5affe33e5cdca53a0a6e7264.jpg</path>
	<source>
		<database>roboflow.ai</database>
	</source>
	<size>
		<width>416</width>
		<height>416</height>
		<depth>3</depth>
	</size>
	<segmented>0</segmented>
	<object>
		<name>plastik</name>
		<pose>Unspecified</pose>
		<truncated>0</truncated>
		<difficult>0</difficult>
		<occluded>0</occluded>
		<bndbox>
			<xmin>133</xmin>
			<xmax>203</xmax>
			<ymin>83</ymin>
			<ymax>119</ymax>
		</bndbox>
	</object>
</annotation>
