<annotation>
	<folder></folder>
	<filename>000009--6-_jpg.rf.4e95ea5a9271242b52e65df90d692898.jpg</filename>
	<path>000009--6-_jpg.rf.4e95ea5a9271242b52e65df90d692898.jpg</path>
	<source>
		<database>roboflow.ai</database>
	</source>
	<size>
		<width>416</width>
		<height>416</height>
		<depth>3</depth>
	</size>
	<segmented>0</segmented>
	<object>
		<name>karton</name>
		<pose>Unspecified</pose>
		<truncated>0</truncated>
		<difficult>0</difficult>
		<occluded>0</occluded>
		<bndbox>
			<xmin>273</xmin>
			<xmax>301</xmax>
			<ymin>87</ymin>
			<ymax>121</ymax>
		</bndbox>
	</object>
	<object>
		<name>plastik</name>
		<pose>Unspecified</pose>
		<truncated>0</truncated>
		<difficult>0</difficult>
		<occluded>0</occluded>
		<bndbox>
			<xmin>301</xmin>
			<xmax>308</xmax>
			<ymin>396</ymin>
			<ymax>416</ymax>
		</bndbox>
	</object>
</annotation>
