<annotation>
	<folder></folder>
	<filename>000010--11-_jpg.rf.4d1881ae84b9d941a834c9ebfe3c6aa1.jpg</filename>
	<path>000010--11-_jpg.rf.4d1881ae84b9d941a834c9ebfe3c6aa1.jpg</path>
	<source>
		<database>roboflow.ai</database>
	</source>
	<size>
		<width>416</width>
		<height>416</height>
		<depth>3</depth>
	</size>
	<segmented>0</segmented>
	<object>
		<name>plastik</name>
		<pose>Unspecified</pose>
		<truncated>0</truncated>
		<difficult>0</difficult>
		<occluded>0</occluded>
		<bndbox>
			<xmin>172</xmin>
			<xmax>356</xmax>
			<ymin>9</ymin>
			<ymax>381</ymax>
		</bndbox>
	</object>
</annotation>
