<annotation>
	<folder></folder>
	<filename>000003--9-_jpg.rf.596377a51b8d5927277ad47a2880f974.jpg</filename>
	<path>000003--9-_jpg.rf.596377a51b8d5927277ad47a2880f974.jpg</path>
	<source>
		<database>roboflow.ai</database>
	</source>
	<size>
		<width>416</width>
		<height>416</height>
		<depth>3</depth>
	</size>
	<segmented>0</segmented>
	<object>
		<name>karton</name>
		<pose>Unspecified</pose>
		<truncated>0</truncated>
		<difficult>0</difficult>
		<occluded>0</occluded>
		<bndbox>
			<xmin>45</xmin>
			<xmax>393</xmax>
			<ymin>172</ymin>
			<ymax>338</ymax>
		</bndbox>
	</object>
	<object>
		<name>karton</name>
		<pose>Unspecified</pose>
		<truncated>0</truncated>
		<difficult>0</difficult>
		<occluded>0</occluded>
		<bndbox>
			<xmin>30</xmin>
			<xmax>205</xmax>
			<ymin>122</ymin>
			<ymax>206</ymax>
		</bndbox>
	</object>
	<object>
		<name>karton</name>
		<pose>Unspecified</pose>
		<truncated>0</truncated>
		<difficult>0</difficult>
		<occluded>0</occluded>
		<bndbox>
			<xmin>157</xmin>
			<xmax>417</xmax>
			<ymin>25</ymin>
			<ymax>199</ymax>
		</bndbox>
	</object>
</annotation>
