<annotation>
	<folder></folder>
	<filename>000004--7-_jpg.rf.f5cee1cf5e11a029dd4fa153d0ad4ba8.jpg</filename>
	<path>000004--7-_jpg.rf.f5cee1cf5e11a029dd4fa153d0ad4ba8.jpg</path>
	<source>
		<database>roboflow.ai</database>
	</source>
	<size>
		<width>416</width>
		<height>416</height>
		<depth>3</depth>
	</size>
	<segmented>0</segmented>
	<object>
		<name>plastik</name>
		<pose>Unspecified</pose>
		<truncated>0</truncated>
		<difficult>0</difficult>
		<occluded>0</occluded>
		<bndbox>
			<xmin>87</xmin>
			<xmax>201</xmax>
			<ymin>240</ymin>
			<ymax>269</ymax>
		</bndbox>
	</object>
	<object>
		<name>plastik</name>
		<pose>Unspecified</pose>
		<truncated>0</truncated>
		<difficult>0</difficult>
		<occluded>0</occluded>
		<bndbox>
			<xmin>256</xmin>
			<xmax>294</xmax>
			<ymin>231</ymin>
			<ymax>253</ymax>
		</bndbox>
	</object>
</annotation>
