<annotation>
	<folder></folder>
	<filename>000007--7-_jpg.rf.e7d13cf17d6567eca01ba762739b37fe.jpg</filename>
	<path>000007--7-_jpg.rf.e7d13cf17d6567eca01ba762739b37fe.jpg</path>
	<source>
		<database>roboflow.ai</database>
	</source>
	<size>
		<width>416</width>
		<height>416</height>
		<depth>3</depth>
	</size>
	<segmented>0</segmented>
	<object>
		<name>plastik</name>
		<pose>Unspecified</pose>
		<truncated>0</truncated>
		<difficult>0</difficult>
		<occluded>0</occluded>
		<bndbox>
			<xmin>35</xmin>
			<xmax>42</xmax>
			<ymin>255</ymin>
			<ymax>265</ymax>
		</bndbox>
	</object>
	<object>
		<name>plastik</name>
		<pose>Unspecified</pose>
		<truncated>0</truncated>
		<difficult>0</difficult>
		<occluded>0</occluded>
		<bndbox>
			<xmin>247</xmin>
			<xmax>319</xmax>
			<ymin>164</ymin>
			<ymax>239</ymax>
		</bndbox>
	</object>
</annotation>
