<annotation>
	<folder></folder>
	<filename>000012--8-_jpg.rf.af5d5c275bcb3827284fb72a4fd99d24.jpg</filename>
	<path>000012--8-_jpg.rf.af5d5c275bcb3827284fb72a4fd99d24.jpg</path>
	<source>
		<database>roboflow.ai</database>
	</source>
	<size>
		<width>416</width>
		<height>416</height>
		<depth>3</depth>
	</size>
	<segmented>0</segmented>
	<object>
		<name>plastik</name>
		<pose>Unspecified</pose>
		<truncated>0</truncated>
		<difficult>0</difficult>
		<occluded>0</occluded>
		<bndbox>
			<xmin>251</xmin>
			<xmax>267</xmax>
			<ymin>47</ymin>
			<ymax>92</ymax>
		</bndbox>
	</object>
</annotation>
