<annotation>
	<folder></folder>
	<filename>000021--10-_jpg.rf.882b159ab059947daad61aaf7bfa2f63.jpg</filename>
	<path>000021--10-_jpg.rf.882b159ab059947daad61aaf7bfa2f63.jpg</path>
	<source>
		<database>roboflow.ai</database>
	</source>
	<size>
		<width>416</width>
		<height>416</height>
		<depth>3</depth>
	</size>
	<segmented>0</segmented>
	<object>
		<name>plastik</name>
		<pose>Unspecified</pose>
		<truncated>0</truncated>
		<difficult>0</difficult>
		<occluded>0</occluded>
		<bndbox>
			<xmin>129</xmin>
			<xmax>257</xmax>
			<ymin>132</ymin>
			<ymax>308</ymax>
		</bndbox>
	</object>
</annotation>
