<annotation>
	<folder></folder>
	<filename>000014--6-_JPG_jpg.rf.f931da5476eb411698f0af36ebdcb7dc.jpg</filename>
	<path>000014--6-_JPG_jpg.rf.f931da5476eb411698f0af36ebdcb7dc.jpg</path>
	<source>
		<database>roboflow.ai</database>
	</source>
	<size>
		<width>416</width>
		<height>416</height>
		<depth>3</depth>
	</size>
	<segmented>0</segmented>
	<object>
		<name>metal</name>
		<pose>Unspecified</pose>
		<truncated>0</truncated>
		<difficult>0</difficult>
		<occluded>0</occluded>
		<bndbox>
			<xmin>161</xmin>
			<xmax>201</xmax>
			<ymin>166</ymin>
			<ymax>202</ymax>
		</bndbox>
	</object>
</annotation>
