<annotation>
	<folder></folder>
	<filename>000010--7-_jpg.rf.225668ce5d9836b1c5e6a3bed9099184.jpg</filename>
	<path>000010--7-_jpg.rf.225668ce5d9836b1c5e6a3bed9099184.jpg</path>
	<source>
		<database>roboflow.ai</database>
	</source>
	<size>
		<width>416</width>
		<height>416</height>
		<depth>3</depth>
	</size>
	<segmented>0</segmented>
	<object>
		<name>cam</name>
		<pose>Unspecified</pose>
		<truncated>0</truncated>
		<difficult>0</difficult>
		<occluded>0</occluded>
		<bndbox>
			<xmin>129</xmin>
			<xmax>172</xmax>
			<ymin>259</ymin>
			<ymax>301</ymax>
		</bndbox>
	</object>
</annotation>
