<annotation>
	<folder></folder>
	<filename>000006--3-_JPG_jpg.rf.fb2d646f15479cbfbaaaa5b426f17012.jpg</filename>
	<path>000006--3-_JPG_jpg.rf.fb2d646f15479cbfbaaaa5b426f17012.jpg</path>
	<source>
		<database>roboflow.ai</database>
	</source>
	<size>
		<width>416</width>
		<height>416</height>
		<depth>3</depth>
	</size>
	<segmented>0</segmented>
	<object>
		<name>kagit</name>
		<pose>Unspecified</pose>
		<truncated>0</truncated>
		<difficult>0</difficult>
		<occluded>0</occluded>
		<bndbox>
			<xmin>50</xmin>
			<xmax>78</xmax>
			<ymin>132</ymin>
			<ymax>190</ymax>
		</bndbox>
	</object>
</annotation>
