<annotation>
	<folder></folder>
	<filename>000011--5-_JPG_jpg.rf.d90f3a8c75bd53dfc5822a4db9a7d2d7.jpg</filename>
	<path>000011--5-_JPG_jpg.rf.d90f3a8c75bd53dfc5822a4db9a7d2d7.jpg</path>
	<source>
		<database>roboflow.ai</database>
	</source>
	<size>
		<width>416</width>
		<height>416</height>
		<depth>3</depth>
	</size>
	<segmented>0</segmented>
	<object>
		<name>metal</name>
		<pose>Unspecified</pose>
		<truncated>0</truncated>
		<difficult>0</difficult>
		<occluded>0</occluded>
		<bndbox>
			<xmin>146</xmin>
			<xmax>164</xmax>
			<ymin>209</ymin>
			<ymax>231</ymax>
		</bndbox>
	</object>
</annotation>
