<annotation>
	<folder></folder>
	<filename>000004--4-_JPG_jpg.rf.77c76a3bf334da1984cda2f716d54348.jpg</filename>
	<path>000004--4-_JPG_jpg.rf.77c76a3bf334da1984cda2f716d54348.jpg</path>
	<source>
		<database>roboflow.ai</database>
	</source>
	<size>
		<width>416</width>
		<height>416</height>
		<depth>3</depth>
	</size>
	<segmented>0</segmented>
	<object>
		<name>plastik</name>
		<pose>Unspecified</pose>
		<truncated>0</truncated>
		<difficult>0</difficult>
		<occluded>0</occluded>
		<bndbox>
			<xmin>107</xmin>
			<xmax>150</xmax>
			<ymin>259</ymin>
			<ymax>301</ymax>
		</bndbox>
	</object>
</annotation>
