<annotation>
	<folder></folder>
	<filename>000009--8-_jpg.rf.34d038b0eea3ba4f8adb85476697eba1.jpg</filename>
	<path>000009--8-_jpg.rf.34d038b0eea3ba4f8adb85476697eba1.jpg</path>
	<source>
		<database>roboflow.ai</database>
	</source>
	<size>
		<width>416</width>
		<height>416</height>
		<depth>3</depth>
	</size>
	<segmented>0</segmented>
	<object>
		<name>karton</name>
		<pose>Unspecified</pose>
		<truncated>0</truncated>
		<difficult>0</difficult>
		<occluded>0</occluded>
		<bndbox>
			<xmin>78</xmin>
			<xmax>164</xmax>
			<ymin>170</ymin>
			<ymax>371</ymax>
		</bndbox>
	</object>
	<object>
		<name>plastik</name>
		<pose>Unspecified</pose>
		<truncated>0</truncated>
		<difficult>0</difficult>
		<occluded>0</occluded>
		<bndbox>
			<xmin>277</xmin>
			<xmax>349</xmax>
			<ymin>175</ymin>
			<ymax>359</ymax>
		</bndbox>
	</object>
</annotation>
