<annotation>
	<folder></folder>
	<filename>000018--10-_jpg.rf.90a079f1e2c793ae3cacbe3d74b3f393.jpg</filename>
	<path>000018--10-_jpg.rf.90a079f1e2c793ae3cacbe3d74b3f393.jpg</path>
	<source>
		<database>roboflow.ai</database>
	</source>
	<size>
		<width>416</width>
		<height>416</height>
		<depth>3</depth>
	</size>
	<segmented>0</segmented>
	<object>
		<name>metal</name>
		<pose>Unspecified</pose>
		<truncated>0</truncated>
		<difficult>0</difficult>
		<occluded>0</occluded>
		<bndbox>
			<xmin>171</xmin>
			<xmax>212</xmax>
			<ymin>156</ymin>
			<ymax>259</ymax>
		</bndbox>
	</object>
</annotation>
