<annotation>
	<folder></folder>
	<filename>000002--3-_JPG_jpg.rf.7d3de3f66e2d4434f64d9ef74b4d445a.jpg</filename>
	<path>000002--3-_JPG_jpg.rf.7d3de3f66e2d4434f64d9ef74b4d445a.jpg</path>
	<source>
		<database>roboflow.ai</database>
	</source>
	<size>
		<width>416</width>
		<height>416</height>
		<depth>3</depth>
	</size>
	<segmented>0</segmented>
	<object>
		<name>karton</name>
		<pose>Unspecified</pose>
		<truncated>0</truncated>
		<difficult>0</difficult>
		<occluded>0</occluded>
		<bndbox>
			<xmin>173</xmin>
			<xmax>272</xmax>
			<ymin>178</ymin>
			<ymax>324</ymax>
		</bndbox>
	</object>
	<object>
		<name>karton</name>
		<pose>Unspecified</pose>
		<truncated>0</truncated>
		<difficult>0</difficult>
		<occluded>0</occluded>
		<bndbox>
			<xmin>98</xmin>
			<xmax>170</xmax>
			<ymin>93</ymin>
			<ymax>155</ymax>
		</bndbox>
	</object>
</annotation>
