<annotation>
	<folder></folder>
	<filename>000014--5-_JPG_jpg.rf.599255ad53e6b9a244274093c259769c.jpg</filename>
	<path>000014--5-_JPG_jpg.rf.599255ad53e6b9a244274093c259769c.jpg</path>
	<source>
		<database>roboflow.ai</database>
	</source>
	<size>
		<width>416</width>
		<height>416</height>
		<depth>3</depth>
	</size>
	<segmented>0</segmented>
	<object>
		<name>plastik</name>
		<pose>Unspecified</pose>
		<truncated>0</truncated>
		<difficult>0</difficult>
		<occluded>0</occluded>
		<bndbox>
			<xmin>123</xmin>
			<xmax>165</xmax>
			<ymin>170</ymin>
			<ymax>206</ymax>
		</bndbox>
	</object>
</annotation>
