<annotation>
	<folder></folder>
	<filename>000000--3-_JPG_jpg.rf.7becb3608451d096bab602c3010adede.jpg</filename>
	<path>000000--3-_JPG_jpg.rf.7becb3608451d096bab602c3010adede.jpg</path>
	<source>
		<database>roboflow.ai</database>
	</source>
	<size>
		<width>416</width>
		<height>416</height>
		<depth>3</depth>
	</size>
	<segmented>0</segmented>
	<object>
		<name>plastik</name>
		<pose>Unspecified</pose>
		<truncated>0</truncated>
		<difficult>0</difficult>
		<occluded>0</occluded>
		<bndbox>
			<xmin>142</xmin>
			<xmax>151</xmax>
			<ymin>244</ymin>
			<ymax>256</ymax>
		</bndbox>
	</object>
</annotation>
