<annotation>
	<folder></folder>
	<filename>000006--4-_JPG_jpg.rf.fd25fe48dc467148002d25a1f5e234e5.jpg</filename>
	<path>000006--4-_JPG_jpg.rf.fd25fe48dc467148002d25a1f5e234e5.jpg</path>
	<source>
		<database>roboflow.ai</database>
	</source>
	<size>
		<width>416</width>
		<height>416</height>
		<depth>3</depth>
	</size>
	<segmented>0</segmented>
	<object>
		<name>plastik</name>
		<pose>Unspecified</pose>
		<truncated>0</truncated>
		<difficult>0</difficult>
		<occluded>0</occluded>
		<bndbox>
			<xmin>127</xmin>
			<xmax>274</xmax>
			<ymin>180</ymin>
			<ymax>243</ymax>
		</bndbox>
	</object>
	<object>
		<name>plastik</name>
		<pose>Unspecified</pose>
		<truncated>0</truncated>
		<difficult>0</difficult>
		<occluded>0</occluded>
		<bndbox>
			<xmin>301</xmin>
			<xmax>346</xmax>
			<ymin>132</ymin>
			<ymax>170</ymax>
		</bndbox>
	</object>
</annotation>
