<annotation>
	<folder></folder>
	<filename>000011--6-_jpg.rf.eab25e11670454a6b84cd79faef4edaa.jpg</filename>
	<path>000011--6-_jpg.rf.eab25e11670454a6b84cd79faef4edaa.jpg</path>
	<source>
		<database>roboflow.ai</database>
	</source>
	<size>
		<width>416</width>
		<height>416</height>
		<depth>3</depth>
	</size>
	<segmented>0</segmented>
	<object>
		<name>plastik</name>
		<pose>Unspecified</pose>
		<truncated>0</truncated>
		<difficult>0</difficult>
		<occluded>0</occluded>
		<bndbox>
			<xmin>216</xmin>
			<xmax>281</xmax>
			<ymin>213</ymin>
			<ymax>241</ymax>
		</bndbox>
	</object>
</annotation>
