<annotation>
	<folder></folder>
	<filename>000005--3-_JPG_jpg.rf.2ab10067c41e55f7d1e023f2bc782916.jpg</filename>
	<path>000005--3-_JPG_jpg.rf.2ab10067c41e55f7d1e023f2bc782916.jpg</path>
	<source>
		<database>roboflow.ai</database>
	</source>
	<size>
		<width>416</width>
		<height>416</height>
		<depth>3</depth>
	</size>
	<segmented>0</segmented>
	<object>
		<name>plastik</name>
		<pose>Unspecified</pose>
		<truncated>0</truncated>
		<difficult>0</difficult>
		<occluded>0</occluded>
		<bndbox>
			<xmin>238</xmin>
			<xmax>272</xmax>
			<ymin>184</ymin>
			<ymax>214</ymax>
		</bndbox>
	</object>
</annotation>
