<annotation>
	<folder></folder>
	<filename>000015--11-_jpg.rf.344319187a3b3cf76d1d41663a2eb2d0.jpg</filename>
	<path>000015--11-_jpg.rf.344319187a3b3cf76d1d41663a2eb2d0.jpg</path>
	<source>
		<database>roboflow.ai</database>
	</source>
	<size>
		<width>416</width>
		<height>416</height>
		<depth>3</depth>
	</size>
	<segmented>0</segmented>
	<object>
		<name>plastik</name>
		<pose>Unspecified</pose>
		<truncated>0</truncated>
		<difficult>0</difficult>
		<occluded>0</occluded>
		<bndbox>
			<xmin>160</xmin>
			<xmax>201</xmax>
			<ymin>181</ymin>
			<ymax>205</ymax>
		</bndbox>
	</object>
</annotation>
