<annotation>
	<folder></folder>
	<filename>000012_jpg.rf.fb024c7ae6ba73f2b9304b95086c2943.jpg</filename>
	<path>000012_jpg.rf.fb024c7ae6ba73f2b9304b95086c2943.jpg</path>
	<source>
		<database>roboflow.ai</database>
	</source>
	<size>
		<width>416</width>
		<height>416</height>
		<depth>3</depth>
	</size>
	<segmented>0</segmented>
	<object>
		<name>cam</name>
		<pose>Unspecified</pose>
		<truncated>0</truncated>
		<difficult>0</difficult>
		<occluded>0</occluded>
		<bndbox>
			<xmin>124</xmin>
			<xmax>190</xmax>
			<ymin>201</ymin>
			<ymax>315</ymax>
		</bndbox>
	</object>
</annotation>
