<annotation>
	<folder></folder>
	<filename>000008--10-_jpg.rf.9fe8a937bd8f2f5e68f62911c526f89a.jpg</filename>
	<path>000008--10-_jpg.rf.9fe8a937bd8f2f5e68f62911c526f89a.jpg</path>
	<source>
		<database>roboflow.ai</database>
	</source>
	<size>
		<width>416</width>
		<height>416</height>
		<depth>3</depth>
	</size>
	<segmented>0</segmented>
	<object>
		<name>kopuk</name>
		<pose>Unspecified</pose>
		<truncated>0</truncated>
		<difficult>0</difficult>
		<occluded>0</occluded>
		<bndbox>
			<xmin>107</xmin>
			<xmax>415</xmax>
			<ymin>1</ymin>
			<ymax>245</ymax>
		</bndbox>
	</object>
</annotation>
