<annotation>
	<folder></folder>
	<filename>000002--5-_jpg.rf.299d3025ae8930ec84e4241ce6633c58.jpg</filename>
	<path>000002--5-_jpg.rf.299d3025ae8930ec84e4241ce6633c58.jpg</path>
	<source>
		<database>roboflow.ai</database>
	</source>
	<size>
		<width>416</width>
		<height>416</height>
		<depth>3</depth>
	</size>
	<segmented>0</segmented>
	<object>
		<name>karton</name>
		<pose>Unspecified</pose>
		<truncated>0</truncated>
		<difficult>0</difficult>
		<occluded>0</occluded>
		<bndbox>
			<xmin>235</xmin>
			<xmax>258</xmax>
			<ymin>177</ymin>
			<ymax>207</ymax>
		</bndbox>
	</object>
</annotation>
