<annotation>
	<folder></folder>
	<filename>000021--11-_jpg.rf.2b13cb04e792d0141d2824e73fba4507.jpg</filename>
	<path>000021--11-_jpg.rf.2b13cb04e792d0141d2824e73fba4507.jpg</path>
	<source>
		<database>roboflow.ai</database>
	</source>
	<size>
		<width>416</width>
		<height>416</height>
		<depth>3</depth>
	</size>
	<segmented>0</segmented>
	<object>
		<name>plastik</name>
		<pose>Unspecified</pose>
		<truncated>0</truncated>
		<difficult>0</difficult>
		<occluded>0</occluded>
		<bndbox>
			<xmin>199</xmin>
			<xmax>247</xmax>
			<ymin>151</ymin>
			<ymax>221</ymax>
		</bndbox>
	</object>
	<object>
		<name>plastik</name>
		<pose>Unspecified</pose>
		<truncated>0</truncated>
		<difficult>0</difficult>
		<occluded>0</occluded>
		<bndbox>
			<xmin>266</xmin>
			<xmax>284</xmax>
			<ymin>272</ymin>
			<ymax>303</ymax>
		</bndbox>
	</object>
</annotation>
