<annotation>
	<folder></folder>
	<filename>000005--9-_jpg.rf.968b50f6e1050413969daaa5df6c6365.jpg</filename>
	<path>000005--9-_jpg.rf.968b50f6e1050413969daaa5df6c6365.jpg</path>
	<source>
		<database>roboflow.ai</database>
	</source>
	<size>
		<width>416</width>
		<height>416</height>
		<depth>3</depth>
	</size>
	<segmented>0</segmented>
	<object>
		<name>plastik</name>
		<pose>Unspecified</pose>
		<truncated>0</truncated>
		<difficult>0</difficult>
		<occluded>0</occluded>
		<bndbox>
			<xmin>18</xmin>
			<xmax>156</xmax>
			<ymin>317</ymin>
			<ymax>343</ymax>
		</bndbox>
	</object>
	<object>
		<name>plastik</name>
		<pose>Unspecified</pose>
		<truncated>0</truncated>
		<difficult>0</difficult>
		<occluded>0</occluded>
		<bndbox>
			<xmin>72</xmin>
			<xmax>170</xmax>
			<ymin>163</ymin>
			<ymax>223</ymax>
		</bndbox>
	</object>
</annotation>
