<annotation>
	<folder></folder>
	<filename>000004--7-_jpg.rf.f8250b123fa680589b12e57f42271c0b.jpg</filename>
	<path>000004--7-_jpg.rf.f8250b123fa680589b12e57f42271c0b.jpg</path>
	<source>
		<database>roboflow.ai</database>
	</source>
	<size>
		<width>416</width>
		<height>416</height>
		<depth>3</depth>
	</size>
	<segmented>0</segmented>
	<object>
		<name>plastik</name>
		<pose>Unspecified</pose>
		<truncated>0</truncated>
		<difficult>0</difficult>
		<occluded>0</occluded>
		<bndbox>
			<xmin>240</xmin>
			<xmax>269</xmax>
			<ymin>87</ymin>
			<ymax>201</ymax>
		</bndbox>
	</object>
	<object>
		<name>plastik</name>
		<pose>Unspecified</pose>
		<truncated>0</truncated>
		<difficult>0</difficult>
		<occluded>0</occluded>
		<bndbox>
			<xmin>231</xmin>
			<xmax>253</xmax>
			<ymin>256</ymin>
			<ymax>294</ymax>
		</bndbox>
	</object>
</annotation>
