<annotation>
	<folder></folder>
	<filename>000005--6-_JPG_jpg.rf.8dc83e4da53629a55c78a3280cf13f69.jpg</filename>
	<path>000005--6-_JPG_jpg.rf.8dc83e4da53629a55c78a3280cf13f69.jpg</path>
	<source>
		<database>roboflow.ai</database>
	</source>
	<size>
		<width>416</width>
		<height>416</height>
		<depth>3</depth>
	</size>
	<segmented>0</segmented>
	<object>
		<name>plastik</name>
		<pose>Unspecified</pose>
		<truncated>0</truncated>
		<difficult>0</difficult>
		<occluded>0</occluded>
		<bndbox>
			<xmin>124</xmin>
			<xmax>208</xmax>
			<ymin>126</ymin>
			<ymax>176</ymax>
		</bndbox>
	</object>
</annotation>
