<annotation>
	<folder></folder>
	<filename>000017--2-_JPG_jpg.rf.5fa7e65ab4f3e50405d4632467cb46aa.jpg</filename>
	<path>000017--2-_JPG_jpg.rf.5fa7e65ab4f3e50405d4632467cb46aa.jpg</path>
	<source>
		<database>roboflow.ai</database>
	</source>
	<size>
		<width>416</width>
		<height>416</height>
		<depth>3</depth>
	</size>
	<segmented>0</segmented>
	<object>
		<name>plastik</name>
		<pose>Unspecified</pose>
		<truncated>0</truncated>
		<difficult>0</difficult>
		<occluded>0</occluded>
		<bndbox>
			<xmin>138</xmin>
			<xmax>198</xmax>
			<ymin>240</ymin>
			<ymax>295</ymax>
		</bndbox>
	</object>
</annotation>
