<annotation>
	<folder></folder>
	<filename>000013--11-_jpg.rf.f33c3fe438e0358eb9dc58decd7e912e.jpg</filename>
	<path>000013--11-_jpg.rf.f33c3fe438e0358eb9dc58decd7e912e.jpg</path>
	<source>
		<database>roboflow.ai</database>
	</source>
	<size>
		<width>416</width>
		<height>416</height>
		<depth>3</depth>
	</size>
	<segmented>0</segmented>
	<object>
		<name>plastik</name>
		<pose>Unspecified</pose>
		<truncated>0</truncated>
		<difficult>0</difficult>
		<occluded>0</occluded>
		<bndbox>
			<xmin>92</xmin>
			<xmax>314</xmax>
			<ymin>255</ymin>
			<ymax>391</ymax>
		</bndbox>
	</object>
</annotation>
