<annotation>
	<folder></folder>
	<filename>000018--5-_JPG_jpg.rf.c7e7dec7721a8f5b2aeaf1530af9677c.jpg</filename>
	<path>000018--5-_JPG_jpg.rf.c7e7dec7721a8f5b2aeaf1530af9677c.jpg</path>
	<source>
		<database>roboflow.ai</database>
	</source>
	<size>
		<width>416</width>
		<height>416</height>
		<depth>3</depth>
	</size>
	<segmented>0</segmented>
	<object>
		<name>kopuk</name>
		<pose>Unspecified</pose>
		<truncated>0</truncated>
		<difficult>0</difficult>
		<occluded>0</occluded>
		<bndbox>
			<xmin>177</xmin>
			<xmax>223</xmax>
			<ymin>243</ymin>
			<ymax>279</ymax>
		</bndbox>
	</object>
</annotation>
