<annotation>
	<folder></folder>
	<filename>000017--10-_jpg.rf.162f3b0b647f2c1e5f132f80eed4676c.jpg</filename>
	<path>000017--10-_jpg.rf.162f3b0b647f2c1e5f132f80eed4676c.jpg</path>
	<source>
		<database>roboflow.ai</database>
	</source>
	<size>
		<width>416</width>
		<height>416</height>
		<depth>3</depth>
	</size>
	<segmented>0</segmented>
	<object>
		<name>plastik</name>
		<pose>Unspecified</pose>
		<truncated>0</truncated>
		<difficult>0</difficult>
		<occluded>0</occluded>
		<bndbox>
			<xmin>122</xmin>
			<xmax>215</xmax>
			<ymin>162</ymin>
			<ymax>226</ymax>
		</bndbox>
	</object>
	<object>
		<name>karton</name>
		<pose>Unspecified</pose>
		<truncated>0</truncated>
		<difficult>0</difficult>
		<occluded>0</occluded>
		<bndbox>
			<xmin>173</xmin>
			<xmax>210</xmax>
			<ymin>109</ymin>
			<ymax>127</ymax>
		</bndbox>
	</object>
</annotation>
