<annotation>
	<folder></folder>
	<filename>000021--5-_JPG_jpg.rf.2001cd0caffcdfa3843d47136fa4ba2a.jpg</filename>
	<path>000021--5-_JPG_jpg.rf.2001cd0caffcdfa3843d47136fa4ba2a.jpg</path>
	<source>
		<database>roboflow.ai</database>
	</source>
	<size>
		<width>416</width>
		<height>416</height>
		<depth>3</depth>
	</size>
	<segmented>0</segmented>
	<object>
		<name>plastik</name>
		<pose>Unspecified</pose>
		<truncated>0</truncated>
		<difficult>0</difficult>
		<occluded>0</occluded>
		<bndbox>
			<xmin>211</xmin>
			<xmax>364</xmax>
			<ymin>117</ymin>
			<ymax>253</ymax>
		</bndbox>
	</object>
</annotation>
