<annotation>
	<folder></folder>
	<filename>000006--2-_JPG_jpg.rf.8c7f25212e8f262f2e5ab87cc5634468.jpg</filename>
	<path>000006--2-_JPG_jpg.rf.8c7f25212e8f262f2e5ab87cc5634468.jpg</path>
	<source>
		<database>roboflow.ai</database>
	</source>
	<size>
		<width>416</width>
		<height>416</height>
		<depth>3</depth>
	</size>
	<segmented>0</segmented>
	<object>
		<name>plastik</name>
		<pose>Unspecified</pose>
		<truncated>0</truncated>
		<difficult>0</difficult>
		<occluded>0</occluded>
		<bndbox>
			<xmin>214</xmin>
			<xmax>306</xmax>
			<ymin>178</ymin>
			<ymax>258</ymax>
		</bndbox>
	</object>
</annotation>
