<annotation>
	<folder></folder>
	<filename>000012_jpg.rf.ce149ea46e93e6367a2be2e6702ba762.jpg</filename>
	<path>000012_jpg.rf.ce149ea46e93e6367a2be2e6702ba762.jpg</path>
	<source>
		<database>roboflow.ai</database>
	</source>
	<size>
		<width>416</width>
		<height>416</height>
		<depth>3</depth>
	</size>
	<segmented>0</segmented>
	<object>
		<name>cam</name>
		<pose>Unspecified</pose>
		<truncated>0</truncated>
		<difficult>0</difficult>
		<occluded>0</occluded>
		<bndbox>
			<xmin>104</xmin>
			<xmax>218</xmax>
			<ymin>229</ymin>
			<ymax>295</ymax>
		</bndbox>
	</object>
</annotation>
