<annotation>
	<folder></folder>
	<filename>000008_jpg.rf.40af1621c3e82f95cfc6899f4a6db0aa.jpg</filename>
	<path>000008_jpg.rf.40af1621c3e82f95cfc6899f4a6db0aa.jpg</path>
	<source>
		<database>roboflow.ai</database>
	</source>
	<size>
		<width>416</width>
		<height>416</height>
		<depth>3</depth>
	</size>
	<segmented>0</segmented>
	<object>
		<name>karton</name>
		<pose>Unspecified</pose>
		<truncated>0</truncated>
		<difficult>0</difficult>
		<occluded>0</occluded>
		<bndbox>
			<xmin>1</xmin>
			<xmax>390</xmax>
			<ymin>89</ymin>
			<ymax>403</ymax>
		</bndbox>
	</object>
	<object>
		<name>karton</name>
		<pose>Unspecified</pose>
		<truncated>0</truncated>
		<difficult>0</difficult>
		<occluded>0</occluded>
		<bndbox>
			<xmin>145</xmin>
			<xmax>417</xmax>
			<ymin>55</ymin>
			<ymax>199</ymax>
		</bndbox>
	</object>
</annotation>
