<annotation>
	<folder></folder>
	<filename>000003--6-_jpg.rf.9cba396db04a7079af198c671b36046f.jpg</filename>
	<path>000003--6-_jpg.rf.9cba396db04a7079af198c671b36046f.jpg</path>
	<source>
		<database>roboflow.ai</database>
	</source>
	<size>
		<width>416</width>
		<height>416</height>
		<depth>3</depth>
	</size>
	<segmented>0</segmented>
	<object>
		<name>plastik</name>
		<pose>Unspecified</pose>
		<truncated>0</truncated>
		<difficult>0</difficult>
		<occluded>0</occluded>
		<bndbox>
			<xmin>220</xmin>
			<xmax>266</xmax>
			<ymin>229</ymin>
			<ymax>271</ymax>
		</bndbox>
	</object>
</annotation>
