<annotation>
	<folder></folder>
	<filename>000012--7-_jpg.rf.60c62ffb4222893efc8c5e8631d87ca0.jpg</filename>
	<path>000012--7-_jpg.rf.60c62ffb4222893efc8c5e8631d87ca0.jpg</path>
	<source>
		<database>roboflow.ai</database>
	</source>
	<size>
		<width>416</width>
		<height>416</height>
		<depth>3</depth>
	</size>
	<segmented>0</segmented>
	<object>
		<name>plastik</name>
		<pose>Unspecified</pose>
		<truncated>0</truncated>
		<difficult>0</difficult>
		<occluded>0</occluded>
		<bndbox>
			<xmin>223</xmin>
			<xmax>261</xmax>
			<ymin>178</ymin>
			<ymax>210</ymax>
		</bndbox>
	</object>
</annotation>
