<annotation>
	<folder></folder>
	<filename>000010--5-_JPG_jpg.rf.ab7690174696ceb93f5391f09841786e.jpg</filename>
	<path>000010--5-_JPG_jpg.rf.ab7690174696ceb93f5391f09841786e.jpg</path>
	<source>
		<database>roboflow.ai</database>
	</source>
	<size>
		<width>416</width>
		<height>416</height>
		<depth>3</depth>
	</size>
	<segmented>0</segmented>
	<object>
		<name>plastik</name>
		<pose>Unspecified</pose>
		<truncated>0</truncated>
		<difficult>0</difficult>
		<occluded>0</occluded>
		<bndbox>
			<xmin>121</xmin>
			<xmax>214</xmax>
			<ymin>223</ymin>
			<ymax>327</ymax>
		</bndbox>
	</object>
</annotation>
