<annotation>
	<folder></folder>
	<filename>000002--9-_jpg.rf.4d2575d5a0c47b2ca8d8027c0eb85db6.jpg</filename>
	<path>000002--9-_jpg.rf.4d2575d5a0c47b2ca8d8027c0eb85db6.jpg</path>
	<source>
		<database>roboflow.ai</database>
	</source>
	<size>
		<width>416</width>
		<height>416</height>
		<depth>3</depth>
	</size>
	<segmented>0</segmented>
	<object>
		<name>plastik</name>
		<pose>Unspecified</pose>
		<truncated>0</truncated>
		<difficult>0</difficult>
		<occluded>0</occluded>
		<bndbox>
			<xmin>137</xmin>
			<xmax>195</xmax>
			<ymin>178</ymin>
			<ymax>282</ymax>
		</bndbox>
	</object>
</annotation>
