<annotation>
	<folder></folder>
	<filename>000001--5-_JPG_jpg.rf.0dbb6bf937d67e8e1c641c7d90ef2cac.jpg</filename>
	<path>000001--5-_JPG_jpg.rf.0dbb6bf937d67e8e1c641c7d90ef2cac.jpg</path>
	<source>
		<database>roboflow.ai</database>
	</source>
	<size>
		<width>416</width>
		<height>416</height>
		<depth>3</depth>
	</size>
	<segmented>0</segmented>
	<object>
		<name>plastik</name>
		<pose>Unspecified</pose>
		<truncated>0</truncated>
		<difficult>0</difficult>
		<occluded>0</occluded>
		<bndbox>
			<xmin>271</xmin>
			<xmax>281</xmax>
			<ymin>300</ymin>
			<ymax>315</ymax>
		</bndbox>
	</object>
	<object>
		<name>plastik</name>
		<pose>Unspecified</pose>
		<truncated>0</truncated>
		<difficult>0</difficult>
		<occluded>0</occluded>
		<bndbox>
			<xmin>134</xmin>
			<xmax>152</xmax>
			<ymin>110</ymin>
			<ymax>132</ymax>
		</bndbox>
	</object>
</annotation>
