<annotation>
	<folder></folder>
	<filename>000012--9-_jpg.rf.e6b5bf1d5ce1a88040f0a38fbf1fcda7.jpg</filename>
	<path>000012--9-_jpg.rf.e6b5bf1d5ce1a88040f0a38fbf1fcda7.jpg</path>
	<source>
		<database>roboflow.ai</database>
	</source>
	<size>
		<width>416</width>
		<height>416</height>
		<depth>3</depth>
	</size>
	<segmented>0</segmented>
	<object>
		<name>karton</name>
		<pose>Unspecified</pose>
		<truncated>0</truncated>
		<difficult>0</difficult>
		<occluded>0</occluded>
		<bndbox>
			<xmin>1</xmin>
			<xmax>404</xmax>
			<ymin>141</ymin>
			<ymax>338</ymax>
		</bndbox>
	</object>
	<object>
		<name>karton</name>
		<pose>Unspecified</pose>
		<truncated>0</truncated>
		<difficult>0</difficult>
		<occluded>0</occluded>
		<bndbox>
			<xmin>284</xmin>
			<xmax>415</xmax>
			<ymin>374</ymin>
			<ymax>416</ymax>
		</bndbox>
	</object>
	<object>
		<name>karton</name>
		<pose>Unspecified</pose>
		<truncated>0</truncated>
		<difficult>0</difficult>
		<occluded>0</occluded>
		<bndbox>
			<xmin>360</xmin>
			<xmax>417</xmax>
			<ymin>331</ymin>
			<ymax>370</ymax>
		</bndbox>
	</object>
</annotation>
