<annotation>
	<folder></folder>
	<filename>000019--3-_JPG_jpg.rf.3617bf353a81f50ca7370a4f1dda1752.jpg</filename>
	<path>000019--3-_JPG_jpg.rf.3617bf353a81f50ca7370a4f1dda1752.jpg</path>
	<source>
		<database>roboflow.ai</database>
	</source>
	<size>
		<width>416</width>
		<height>416</height>
		<depth>3</depth>
	</size>
	<segmented>0</segmented>
	<object>
		<name>plastik</name>
		<pose>Unspecified</pose>
		<truncated>0</truncated>
		<difficult>0</difficult>
		<occluded>0</occluded>
		<bndbox>
			<xmin>232</xmin>
			<xmax>258</xmax>
			<ymin>87</ymin>
			<ymax>117</ymax>
		</bndbox>
	</object>
</annotation>
