<annotation>
	<folder></folder>
	<filename>000003--2-_JPG_jpg.rf.249b3ff16af19592d408020bdfbb08d5.jpg</filename>
	<path>000003--2-_JPG_jpg.rf.249b3ff16af19592d408020bdfbb08d5.jpg</path>
	<source>
		<database>roboflow.ai</database>
	</source>
	<size>
		<width>416</width>
		<height>416</height>
		<depth>3</depth>
	</size>
	<segmented>0</segmented>
	<object>
		<name>plastik</name>
		<pose>Unspecified</pose>
		<truncated>0</truncated>
		<difficult>0</difficult>
		<occluded>0</occluded>
		<bndbox>
			<xmin>37</xmin>
			<xmax>181</xmax>
			<ymin>88</ymin>
			<ymax>244</ymax>
		</bndbox>
	</object>
	<object>
		<name>plastik</name>
		<pose>Unspecified</pose>
		<truncated>0</truncated>
		<difficult>0</difficult>
		<occluded>0</occluded>
		<bndbox>
			<xmin>136</xmin>
			<xmax>238</xmax>
			<ymin>264</ymin>
			<ymax>356</ymax>
		</bndbox>
	</object>
</annotation>
