<annotation>
	<folder></folder>
	<filename>000000--5-_JPG_jpg.rf.a999e59695ec7713f4cdcf76f48b8685.jpg</filename>
	<path>000000--5-_JPG_jpg.rf.a999e59695ec7713f4cdcf76f48b8685.jpg</path>
	<source>
		<database>roboflow.ai</database>
	</source>
	<size>
		<width>416</width>
		<height>416</height>
		<depth>3</depth>
	</size>
	<segmented>0</segmented>
	<object>
		<name>plastik</name>
		<pose>Unspecified</pose>
		<truncated>0</truncated>
		<difficult>0</difficult>
		<occluded>0</occluded>
		<bndbox>
			<xmin>177</xmin>
			<xmax>201</xmax>
			<ymin>159</ymin>
			<ymax>197</ymax>
		</bndbox>
	</object>
</annotation>
