<annotation>
	<folder></folder>
	<filename>000006--9-_jpg.rf.e75d7a2e1ec1c8ee1fac7dd9ad975c44.jpg</filename>
	<path>000006--9-_jpg.rf.e75d7a2e1ec1c8ee1fac7dd9ad975c44.jpg</path>
	<source>
		<database>roboflow.ai</database>
	</source>
	<size>
		<width>416</width>
		<height>416</height>
		<depth>3</depth>
	</size>
	<segmented>0</segmented>
	<object>
		<name>plastik</name>
		<pose>Unspecified</pose>
		<truncated>0</truncated>
		<difficult>0</difficult>
		<occluded>0</occluded>
		<bndbox>
			<xmin>116</xmin>
			<xmax>210</xmax>
			<ymin>134</ymin>
			<ymax>192</ymax>
		</bndbox>
	</object>
	<object>
		<name>plastik</name>
		<pose>Unspecified</pose>
		<truncated>0</truncated>
		<difficult>0</difficult>
		<occluded>0</occluded>
		<bndbox>
			<xmin>80</xmin>
			<xmax>162</xmax>
			<ymin>154</ymin>
			<ymax>194</ymax>
		</bndbox>
	</object>
</annotation>
