<annotation>
	<folder></folder>
	<filename>000000--2-_JPG_jpg.rf.340d534f089ce9c89ef67337c928e5ae.jpg</filename>
	<path>000000--2-_JPG_jpg.rf.340d534f089ce9c89ef67337c928e5ae.jpg</path>
	<source>
		<database>roboflow.ai</database>
	</source>
	<size>
		<width>416</width>
		<height>416</height>
		<depth>3</depth>
	</size>
	<segmented>0</segmented>
	<object>
		<name>plastik</name>
		<pose>Unspecified</pose>
		<truncated>0</truncated>
		<difficult>0</difficult>
		<occluded>0</occluded>
		<bndbox>
			<xmin>159</xmin>
			<xmax>273</xmax>
			<ymin>172</ymin>
			<ymax>255</ymax>
		</bndbox>
	</object>
</annotation>
