<annotation>
	<folder></folder>
	<filename>000020_JPG_jpg.rf.254411f57ff2bd86e46cb053df9673b9.jpg</filename>
	<path>000020_JPG_jpg.rf.254411f57ff2bd86e46cb053df9673b9.jpg</path>
	<source>
		<database>roboflow.ai</database>
	</source>
	<size>
		<width>416</width>
		<height>416</height>
		<depth>3</depth>
	</size>
	<segmented>0</segmented>
	<object>
		<name>plastik</name>
		<pose>Unspecified</pose>
		<truncated>0</truncated>
		<difficult>0</difficult>
		<occluded>0</occluded>
		<bndbox>
			<xmin>167</xmin>
			<xmax>193</xmax>
			<ymin>177</ymin>
			<ymax>203</ymax>
		</bndbox>
	</object>
</annotation>
