<annotation>
	<folder></folder>
	<filename>000017--9-_jpg.rf.64fa7044c2fe5bfc03a6f6eb3b053025.jpg</filename>
	<path>000017--9-_jpg.rf.64fa7044c2fe5bfc03a6f6eb3b053025.jpg</path>
	<source>
		<database>roboflow.ai</database>
	</source>
	<size>
		<width>416</width>
		<height>416</height>
		<depth>3</depth>
	</size>
	<segmented>0</segmented>
	<object>
		<name>kopuk</name>
		<pose>Unspecified</pose>
		<truncated>0</truncated>
		<difficult>0</difficult>
		<occluded>0</occluded>
		<bndbox>
			<xmin>123</xmin>
			<xmax>367</xmax>
			<ymin>74</ymin>
			<ymax>310</ymax>
		</bndbox>
	</object>
</annotation>
