<annotation>
	<folder></folder>
	<filename>000004--3-_JPG_jpg.rf.58c1a9c2cee3ecefeb346bb808550241.jpg</filename>
	<path>000004--3-_JPG_jpg.rf.58c1a9c2cee3ecefeb346bb808550241.jpg</path>
	<source>
		<database>roboflow.ai</database>
	</source>
	<size>
		<width>416</width>
		<height>416</height>
		<depth>3</depth>
	</size>
	<segmented>0</segmented>
	<object>
		<name>plastik</name>
		<pose>Unspecified</pose>
		<truncated>0</truncated>
		<difficult>0</difficult>
		<occluded>0</occluded>
		<bndbox>
			<xmin>87</xmin>
			<xmax>159</xmax>
			<ymin>154</ymin>
			<ymax>230</ymax>
		</bndbox>
	</object>
	<object>
		<name>metal</name>
		<pose>Unspecified</pose>
		<truncated>0</truncated>
		<difficult>0</difficult>
		<occluded>0</occluded>
		<bndbox>
			<xmin>270</xmin>
			<xmax>353</xmax>
			<ymin>118</ymin>
			<ymax>208</ymax>
		</bndbox>
	</object>
</annotation>
