<annotation>
	<folder></folder>
	<filename>000000--8-_jpg.rf.b4556ac7c2c22b93f316ddfa3af4522a.jpg</filename>
	<path>000000--8-_jpg.rf.b4556ac7c2c22b93f316ddfa3af4522a.jpg</path>
	<source>
		<database>roboflow.ai</database>
	</source>
	<size>
		<width>416</width>
		<height>416</height>
		<depth>3</depth>
	</size>
	<segmented>0</segmented>
	<object>
		<name>plastik</name>
		<pose>Unspecified</pose>
		<truncated>0</truncated>
		<difficult>0</difficult>
		<occluded>0</occluded>
		<bndbox>
			<xmin>143</xmin>
			<xmax>163</xmax>
			<ymin>202</ymin>
			<ymax>232</ymax>
		</bndbox>
	</object>
</annotation>
