<annotation>
	<folder></folder>
	<filename>000008--6-_JPG_jpg.rf.6bc1cb65b196e833cecff98d13ac1c0e.jpg</filename>
	<path>000008--6-_JPG_jpg.rf.6bc1cb65b196e833cecff98d13ac1c0e.jpg</path>
	<source>
		<database>roboflow.ai</database>
	</source>
	<size>
		<width>416</width>
		<height>416</height>
		<depth>3</depth>
	</size>
	<segmented>0</segmented>
	<object>
		<name>plastik</name>
		<pose>Unspecified</pose>
		<truncated>0</truncated>
		<difficult>0</difficult>
		<occluded>0</occluded>
		<bndbox>
			<xmin>230</xmin>
			<xmax>236</xmax>
			<ymin>231</ymin>
			<ymax>241</ymax>
		</bndbox>
	</object>
</annotation>
