<annotation>
	<folder></folder>
	<filename>000000--8-_jpg.rf.f5bf2df6ee76f31d3d6b39e07adfbd7f.jpg</filename>
	<path>000000--8-_jpg.rf.f5bf2df6ee76f31d3d6b39e07adfbd7f.jpg</path>
	<source>
		<database>roboflow.ai</database>
	</source>
	<size>
		<width>416</width>
		<height>416</height>
		<depth>3</depth>
	</size>
	<segmented>0</segmented>
	<object>
		<name>plastik</name>
		<pose>Unspecified</pose>
		<truncated>0</truncated>
		<difficult>0</difficult>
		<occluded>0</occluded>
		<bndbox>
			<xmin>187</xmin>
			<xmax>217</xmax>
			<ymin>256</ymin>
			<ymax>276</ymax>
		</bndbox>
	</object>
</annotation>
