<annotation>
	<folder></folder>
	<filename>000011--9-_jpg.rf.06bd3f33db6438c9ef08de69b7fabcc9.jpg</filename>
	<path>000011--9-_jpg.rf.06bd3f33db6438c9ef08de69b7fabcc9.jpg</path>
	<source>
		<database>roboflow.ai</database>
	</source>
	<size>
		<width>416</width>
		<height>416</height>
		<depth>3</depth>
	</size>
	<segmented>0</segmented>
	<object>
		<name>karton</name>
		<pose>Unspecified</pose>
		<truncated>0</truncated>
		<difficult>0</difficult>
		<occluded>0</occluded>
		<bndbox>
			<xmin>137</xmin>
			<xmax>256</xmax>
			<ymin>73</ymin>
			<ymax>351</ymax>
		</bndbox>
	</object>
	<object>
		<name>karton</name>
		<pose>Unspecified</pose>
		<truncated>0</truncated>
		<difficult>0</difficult>
		<occluded>0</occluded>
		<bndbox>
			<xmin>338</xmin>
			<xmax>416</xmax>
			<ymin>2</ymin>
			<ymax>376</ymax>
		</bndbox>
	</object>
</annotation>
