<annotation>
	<folder></folder>
	<filename>000009--7-_jpg.rf.efd17ac80174ce21001b6f2b466628db.jpg</filename>
	<path>000009--7-_jpg.rf.efd17ac80174ce21001b6f2b466628db.jpg</path>
	<source>
		<database>roboflow.ai</database>
	</source>
	<size>
		<width>416</width>
		<height>416</height>
		<depth>3</depth>
	</size>
	<segmented>0</segmented>
	<object>
		<name>plastik</name>
		<pose>Unspecified</pose>
		<truncated>0</truncated>
		<difficult>0</difficult>
		<occluded>0</occluded>
		<bndbox>
			<xmin>210</xmin>
			<xmax>238</xmax>
			<ymin>236</ymin>
			<ymax>250</ymax>
		</bndbox>
	</object>
</annotation>
