<annotation>
	<folder></folder>
	<filename>000004--6-_jpg.rf.4d192984eb883743f4bfb7aa06fe2c25.jpg</filename>
	<path>000004--6-_jpg.rf.4d192984eb883743f4bfb7aa06fe2c25.jpg</path>
	<source>
		<database>roboflow.ai</database>
	</source>
	<size>
		<width>416</width>
		<height>416</height>
		<depth>3</depth>
	</size>
	<segmented>0</segmented>
	<object>
		<name>plastik</name>
		<pose>Unspecified</pose>
		<truncated>0</truncated>
		<difficult>0</difficult>
		<occluded>0</occluded>
		<bndbox>
			<xmin>215</xmin>
			<xmax>285</xmax>
			<ymin>300</ymin>
			<ymax>336</ymax>
		</bndbox>
	</object>
</annotation>
