<annotation>
	<folder></folder>
	<filename>000000--3-_JPG_jpg.rf.40503150cac023acb27b80b0ec0e44a8.jpg</filename>
	<path>000000--3-_JPG_jpg.rf.40503150cac023acb27b80b0ec0e44a8.jpg</path>
	<source>
		<database>roboflow.ai</database>
	</source>
	<size>
		<width>416</width>
		<height>416</height>
		<depth>3</depth>
	</size>
	<segmented>0</segmented>
	<object>
		<name>plastik</name>
		<pose>Unspecified</pose>
		<truncated>0</truncated>
		<difficult>0</difficult>
		<occluded>0</occluded>
		<bndbox>
			<xmin>267</xmin>
			<xmax>276</xmax>
			<ymin>162</ymin>
			<ymax>174</ymax>
		</bndbox>
	</object>
</annotation>
