<annotation>
	<folder></folder>
	<filename>000019--8-_jpg.rf.be5e7b3df241418999938b6b96828e7f.jpg</filename>
	<path>000019--8-_jpg.rf.be5e7b3df241418999938b6b96828e7f.jpg</path>
	<source>
		<database>roboflow.ai</database>
	</source>
	<size>
		<width>416</width>
		<height>416</height>
		<depth>3</depth>
	</size>
	<segmented>0</segmented>
	<object>
		<name>metal</name>
		<pose>Unspecified</pose>
		<truncated>0</truncated>
		<difficult>0</difficult>
		<occluded>0</occluded>
		<bndbox>
			<xmin>133</xmin>
			<xmax>286</xmax>
			<ymin>197</ymin>
			<ymax>227</ymax>
		</bndbox>
	</object>
</annotation>
