<annotation>
	<folder></folder>
	<filename>000003--2-_JPG_jpg.rf.a42505889d3d535f531ad7b1984717ca.jpg</filename>
	<path>000003--2-_JPG_jpg.rf.a42505889d3d535f531ad7b1984717ca.jpg</path>
	<source>
		<database>roboflow.ai</database>
	</source>
	<size>
		<width>416</width>
		<height>416</height>
		<depth>3</depth>
	</size>
	<segmented>0</segmented>
	<object>
		<name>plastik</name>
		<pose>Unspecified</pose>
		<truncated>0</truncated>
		<difficult>0</difficult>
		<occluded>0</occluded>
		<bndbox>
			<xmin>88</xmin>
			<xmax>244</xmax>
			<ymin>37</ymin>
			<ymax>181</ymax>
		</bndbox>
	</object>
	<object>
		<name>plastik</name>
		<pose>Unspecified</pose>
		<truncated>0</truncated>
		<difficult>0</difficult>
		<occluded>0</occluded>
		<bndbox>
			<xmin>264</xmin>
			<xmax>356</xmax>
			<ymin>136</ymin>
			<ymax>238</ymax>
		</bndbox>
	</object>
</annotation>
