<annotation>
	<folder></folder>
	<filename>000010_jpg.rf.c5c93ccac2461e26e6102887f4756267.jpg</filename>
	<path>000010_jpg.rf.c5c93ccac2461e26e6102887f4756267.jpg</path>
	<source>
		<database>roboflow.ai</database>
	</source>
	<size>
		<width>416</width>
		<height>416</height>
		<depth>3</depth>
	</size>
	<segmented>0</segmented>
	<object>
		<name>plastik</name>
		<pose>Unspecified</pose>
		<truncated>0</truncated>
		<difficult>0</difficult>
		<occluded>0</occluded>
		<bndbox>
			<xmin>202</xmin>
			<xmax>278</xmax>
			<ymin>171</ymin>
			<ymax>309</ymax>
		</bndbox>
	</object>
</annotation>
