<annotation>
	<folder></folder>
	<filename>000017--3-_JPG_jpg.rf.6316dfb81ac786d100bb09d4e0027d41.jpg</filename>
	<path>000017--3-_JPG_jpg.rf.6316dfb81ac786d100bb09d4e0027d41.jpg</path>
	<source>
		<database>roboflow.ai</database>
	</source>
	<size>
		<width>416</width>
		<height>416</height>
		<depth>3</depth>
	</size>
	<segmented>0</segmented>
	<object>
		<name>metal</name>
		<pose>Unspecified</pose>
		<truncated>0</truncated>
		<difficult>0</difficult>
		<occluded>0</occluded>
		<bndbox>
			<xmin>143</xmin>
			<xmax>186</xmax>
			<ymin>155</ymin>
			<ymax>234</ymax>
		</bndbox>
	</object>
</annotation>
