<annotation>
	<folder></folder>
	<filename>000014--9-_jpg.rf.fd9810f5cdf0a6378964a6d334627333.jpg</filename>
	<path>000014--9-_jpg.rf.fd9810f5cdf0a6378964a6d334627333.jpg</path>
	<source>
		<database>roboflow.ai</database>
	</source>
	<size>
		<width>416</width>
		<height>416</height>
		<depth>3</depth>
	</size>
	<segmented>0</segmented>
	<object>
		<name>cam</name>
		<pose>Unspecified</pose>
		<truncated>0</truncated>
		<difficult>0</difficult>
		<occluded>0</occluded>
		<bndbox>
			<xmin>195</xmin>
			<xmax>211</xmax>
			<ymin>153</ymin>
			<ymax>175</ymax>
		</bndbox>
	</object>
	<object>
		<name>plastik</name>
		<pose>Unspecified</pose>
		<truncated>0</truncated>
		<difficult>0</difficult>
		<occluded>0</occluded>
		<bndbox>
			<xmin>206</xmin>
			<xmax>226</xmax>
			<ymin>173</ymin>
			<ymax>181</ymax>
		</bndbox>
	</object>
</annotation>
