<annotation>
	<folder></folder>
	<filename>000013--7-_jpg.rf.ea5198192a0d2b183ef92228542f9247.jpg</filename>
	<path>000013--7-_jpg.rf.ea5198192a0d2b183ef92228542f9247.jpg</path>
	<source>
		<database>roboflow.ai</database>
	</source>
	<size>
		<width>416</width>
		<height>416</height>
		<depth>3</depth>
	</size>
	<segmented>0</segmented>
	<object>
		<name>plastik</name>
		<pose>Unspecified</pose>
		<truncated>0</truncated>
		<difficult>0</difficult>
		<occluded>0</occluded>
		<bndbox>
			<xmin>209</xmin>
			<xmax>222</xmax>
			<ymin>301</ymin>
			<ymax>311</ymax>
		</bndbox>
	</object>
	<object>
		<name>plastik</name>
		<pose>Unspecified</pose>
		<truncated>0</truncated>
		<difficult>0</difficult>
		<occluded>0</occluded>
		<bndbox>
			<xmin>182</xmin>
			<xmax>240</xmax>
			<ymin>57</ymin>
			<ymax>84</ymax>
		</bndbox>
	</object>
</annotation>
