<annotation>
	<folder></folder>
	<filename>000018_JPG_jpg.rf.b1322bd859ff42a5619ce3e0766cacd0.jpg</filename>
	<path>000018_JPG_jpg.rf.b1322bd859ff42a5619ce3e0766cacd0.jpg</path>
	<source>
		<database>roboflow.ai</database>
	</source>
	<size>
		<width>416</width>
		<height>416</height>
		<depth>3</depth>
	</size>
	<segmented>0</segmented>
	<object>
		<name>plastik</name>
		<pose>Unspecified</pose>
		<truncated>0</truncated>
		<difficult>0</difficult>
		<occluded>0</occluded>
		<bndbox>
			<xmin>95</xmin>
			<xmax>101</xmax>
			<ymin>228</ymin>
			<ymax>250</ymax>
		</bndbox>
	</object>
</annotation>
