<annotation>
	<folder></folder>
	<filename>000015--3-_JPG_jpg.rf.2951ae569bed51a8ce26964363090f93.jpg</filename>
	<path>000015--3-_JPG_jpg.rf.2951ae569bed51a8ce26964363090f93.jpg</path>
	<source>
		<database>roboflow.ai</database>
	</source>
	<size>
		<width>416</width>
		<height>416</height>
		<depth>3</depth>
	</size>
	<segmented>0</segmented>
	<object>
		<name>plastik</name>
		<pose>Unspecified</pose>
		<truncated>0</truncated>
		<difficult>0</difficult>
		<occluded>0</occluded>
		<bndbox>
			<xmin>164</xmin>
			<xmax>214</xmax>
			<ymin>297</ymin>
			<ymax>332</ymax>
		</bndbox>
	</object>
</annotation>
