<annotation>
	<folder></folder>
	<filename>000019--8-_jpg.rf.649ce4ed20660297b42e6e971d791ed2.jpg</filename>
	<path>000019--8-_jpg.rf.649ce4ed20660297b42e6e971d791ed2.jpg</path>
	<source>
		<database>roboflow.ai</database>
	</source>
	<size>
		<width>416</width>
		<height>416</height>
		<depth>3</depth>
	</size>
	<segmented>0</segmented>
	<object>
		<name>metal</name>
		<pose>Unspecified</pose>
		<truncated>0</truncated>
		<difficult>0</difficult>
		<occluded>0</occluded>
		<bndbox>
			<xmin>192</xmin>
			<xmax>222</xmax>
			<ymin>133</ymin>
			<ymax>286</ymax>
		</bndbox>
	</object>
</annotation>
