<annotation>
	<folder></folder>
	<filename>000008--2-_JPG_jpg.rf.d14664d907cd9b6525cb5bb849b590ae.jpg</filename>
	<path>000008--2-_JPG_jpg.rf.d14664d907cd9b6525cb5bb849b590ae.jpg</path>
	<source>
		<database>roboflow.ai</database>
	</source>
	<size>
		<width>416</width>
		<height>416</height>
		<depth>3</depth>
	</size>
	<segmented>0</segmented>
	<object>
		<name>karton</name>
		<pose>Unspecified</pose>
		<truncated>0</truncated>
		<difficult>0</difficult>
		<occluded>0</occluded>
		<bndbox>
			<xmin>73</xmin>
			<xmax>273</xmax>
			<ymin>113</ymin>
			<ymax>256</ymax>
		</bndbox>
	</object>
	<object>
		<name>karton</name>
		<pose>Unspecified</pose>
		<truncated>0</truncated>
		<difficult>0</difficult>
		<occluded>0</occluded>
		<bndbox>
			<xmin>194</xmin>
			<xmax>329</xmax>
			<ymin>180</ymin>
			<ymax>272</ymax>
		</bndbox>
	</object>
</annotation>
