<annotation>
	<folder></folder>
	<filename>000015--10-_jpg.rf.f653e3b39e4a2b4fe0e6ceb745d3857f.jpg</filename>
	<path>000015--10-_jpg.rf.f653e3b39e4a2b4fe0e6ceb745d3857f.jpg</path>
	<source>
		<database>roboflow.ai</database>
	</source>
	<size>
		<width>416</width>
		<height>416</height>
		<depth>3</depth>
	</size>
	<segmented>0</segmented>
	<object>
		<name>kopuk</name>
		<pose>Unspecified</pose>
		<truncated>0</truncated>
		<difficult>0</difficult>
		<occluded>0</occluded>
		<bndbox>
			<xmin>162</xmin>
			<xmax>224</xmax>
			<ymin>137</ymin>
			<ymax>225</ymax>
		</bndbox>
	</object>
	<object>
		<name>kopuk</name>
		<pose>Unspecified</pose>
		<truncated>0</truncated>
		<difficult>0</difficult>
		<occluded>0</occluded>
		<bndbox>
			<xmin>162</xmin>
			<xmax>282</xmax>
			<ymin>47</ymin>
			<ymax>306</ymax>
		</bndbox>
	</object>
</annotation>
