<annotation>
	<folder></folder>
	<filename>000005--3-_JPG_jpg.rf.fd725ab19549f9804d13f21843354245.jpg</filename>
	<path>000005--3-_JPG_jpg.rf.fd725ab19549f9804d13f21843354245.jpg</path>
	<source>
		<database>roboflow.ai</database>
	</source>
	<size>
		<width>416</width>
		<height>416</height>
		<depth>3</depth>
	</size>
	<segmented>0</segmented>
	<object>
		<name>plastik</name>
		<pose>Unspecified</pose>
		<truncated>0</truncated>
		<difficult>0</difficult>
		<occluded>0</occluded>
		<bndbox>
			<xmin>204</xmin>
			<xmax>234</xmax>
			<ymin>147</ymin>
			<ymax>181</ymax>
		</bndbox>
	</object>
</annotation>
