<annotation>
	<folder></folder>
	<filename>000001--6-_jpg.rf.dbd9cc2db811454c9f121e5be587aa42.jpg</filename>
	<path>000001--6-_jpg.rf.dbd9cc2db811454c9f121e5be587aa42.jpg</path>
	<source>
		<database>roboflow.ai</database>
	</source>
	<size>
		<width>416</width>
		<height>416</height>
		<depth>3</depth>
	</size>
	<segmented>0</segmented>
	<object>
		<name>metal</name>
		<pose>Unspecified</pose>
		<truncated>0</truncated>
		<difficult>0</difficult>
		<occluded>0</occluded>
		<bndbox>
			<xmin>208</xmin>
			<xmax>238</xmax>
			<ymin>124</ymin>
			<ymax>171</ymax>
		</bndbox>
	</object>
</annotation>
