<annotation>
	<folder></folder>
	<filename>000012--6-_jpg.rf.e8a6c55ef84a3cfbbb2215de52e11f17.jpg</filename>
	<path>000012--6-_jpg.rf.e8a6c55ef84a3cfbbb2215de52e11f17.jpg</path>
	<source>
		<database>roboflow.ai</database>
	</source>
	<size>
		<width>416</width>
		<height>416</height>
		<depth>3</depth>
	</size>
	<segmented>0</segmented>
	<object>
		<name>plastik</name>
		<pose>Unspecified</pose>
		<truncated>0</truncated>
		<difficult>0</difficult>
		<occluded>0</occluded>
		<bndbox>
			<xmin>185</xmin>
			<xmax>255</xmax>
			<ymin>160</ymin>
			<ymax>202</ymax>
		</bndbox>
	</object>
</annotation>
