<annotation>
	<folder></folder>
	<filename>000017--6-_jpg.rf.71a9749164fa5a1620fb486187a1df83.jpg</filename>
	<path>000017--6-_jpg.rf.71a9749164fa5a1620fb486187a1df83.jpg</path>
	<source>
		<database>roboflow.ai</database>
	</source>
	<size>
		<width>416</width>
		<height>416</height>
		<depth>3</depth>
	</size>
	<segmented>0</segmented>
	<object>
		<name>metal</name>
		<pose>Unspecified</pose>
		<truncated>0</truncated>
		<difficult>0</difficult>
		<occluded>0</occluded>
		<bndbox>
			<xmin>202</xmin>
			<xmax>210</xmax>
			<ymin>182</ymin>
			<ymax>192</ymax>
		</bndbox>
	</object>
</annotation>
