<annotation>
	<folder></folder>
	<filename>000002_JPG_jpg.rf.e38f4b415587bade28e228f5d6a5afe6.jpg</filename>
	<path>000002_JPG_jpg.rf.e38f4b415587bade28e228f5d6a5afe6.jpg</path>
	<source>
		<database>roboflow.ai</database>
	</source>
	<size>
		<width>416</width>
		<height>416</height>
		<depth>3</depth>
	</size>
	<segmented>0</segmented>
	<object>
		<name>kagit</name>
		<pose>Unspecified</pose>
		<truncated>0</truncated>
		<difficult>0</difficult>
		<occluded>0</occluded>
		<bndbox>
			<xmin>405</xmin>
			<xmax>416</xmax>
			<ymin>201</ymin>
			<ymax>229</ymax>
		</bndbox>
	</object>
	<object>
		<name>kagit</name>
		<pose>Unspecified</pose>
		<truncated>0</truncated>
		<difficult>0</difficult>
		<occluded>0</occluded>
		<bndbox>
			<xmin>181</xmin>
			<xmax>191</xmax>
			<ymin>107</ymin>
			<ymax>119</ymax>
		</bndbox>
	</object>
	<object>
		<name>plastik</name>
		<pose>Unspecified</pose>
		<truncated>0</truncated>
		<difficult>0</difficult>
		<occluded>0</occluded>
		<bndbox>
			<xmin>104</xmin>
			<xmax>112</xmax>
			<ymin>336</ymin>
			<ymax>348</ymax>
		</bndbox>
	</object>
</annotation>
