<annotation>
	<folder></folder>
	<filename>000005--11-_jpg.rf.ec5a1786afdc3b6192cfbf0871122339.jpg</filename>
	<path>000005--11-_jpg.rf.ec5a1786afdc3b6192cfbf0871122339.jpg</path>
	<source>
		<database>roboflow.ai</database>
	</source>
	<size>
		<width>416</width>
		<height>416</height>
		<depth>3</depth>
	</size>
	<segmented>0</segmented>
	<object>
		<name>plastik</name>
		<pose>Unspecified</pose>
		<truncated>0</truncated>
		<difficult>0</difficult>
		<occluded>0</occluded>
		<bndbox>
			<xmin>88</xmin>
			<xmax>317</xmax>
			<ymin>99</ymin>
			<ymax>363</ymax>
		</bndbox>
	</object>
</annotation>
