<annotation>
	<folder></folder>
	<filename>000001--3-_JPG_jpg.rf.1efcb279ca80440ff47117dbb2977901.jpg</filename>
	<path>000001--3-_JPG_jpg.rf.1efcb279ca80440ff47117dbb2977901.jpg</path>
	<source>
		<database>roboflow.ai</database>
	</source>
	<size>
		<width>416</width>
		<height>416</height>
		<depth>3</depth>
	</size>
	<segmented>0</segmented>
	<object>
		<name>plastik</name>
		<pose>Unspecified</pose>
		<truncated>0</truncated>
		<difficult>0</difficult>
		<occluded>0</occluded>
		<bndbox>
			<xmin>205</xmin>
			<xmax>233</xmax>
			<ymin>224</ymin>
			<ymax>274</ymax>
		</bndbox>
	</object>
</annotation>
