<annotation>
	<folder></folder>
	<filename>000002--4-_JPG_jpg.rf.6b23f08a39f674788e6fd206a2222895.jpg</filename>
	<path>000002--4-_JPG_jpg.rf.6b23f08a39f674788e6fd206a2222895.jpg</path>
	<source>
		<database>roboflow.ai</database>
	</source>
	<size>
		<width>416</width>
		<height>416</height>
		<depth>3</depth>
	</size>
	<segmented>0</segmented>
	<object>
		<name>plastik</name>
		<pose>Unspecified</pose>
		<truncated>0</truncated>
		<difficult>0</difficult>
		<occluded>0</occluded>
		<bndbox>
			<xmin>188</xmin>
			<xmax>227</xmax>
			<ymin>317</ymin>
			<ymax>373</ymax>
		</bndbox>
	</object>
</annotation>
