<annotation>
	<folder></folder>
	<filename>000015--5-_JPG_jpg.rf.d0e1411c0dba991ac9978c37662f76c3.jpg</filename>
	<path>000015--5-_JPG_jpg.rf.d0e1411c0dba991ac9978c37662f76c3.jpg</path>
	<source>
		<database>roboflow.ai</database>
	</source>
	<size>
		<width>416</width>
		<height>416</height>
		<depth>3</depth>
	</size>
	<segmented>0</segmented>
	<object>
		<name>karton</name>
		<pose>Unspecified</pose>
		<truncated>0</truncated>
		<difficult>0</difficult>
		<occluded>0</occluded>
		<bndbox>
			<xmin>211</xmin>
			<xmax>249</xmax>
			<ymin>342</ymin>
			<ymax>388</ymax>
		</bndbox>
	</object>
	<object>
		<name>plastik</name>
		<pose>Unspecified</pose>
		<truncated>0</truncated>
		<difficult>0</difficult>
		<occluded>0</occluded>
		<bndbox>
			<xmin>154</xmin>
			<xmax>228</xmax>
			<ymin>296</ymin>
			<ymax>340</ymax>
		</bndbox>
	</object>
	<object>
		<name>cam</name>
		<pose>Unspecified</pose>
		<truncated>0</truncated>
		<difficult>0</difficult>
		<occluded>0</occluded>
		<bndbox>
			<xmin>98</xmin>
			<xmax>171</xmax>
			<ymin>259</ymin>
			<ymax>345</ymax>
		</bndbox>
	</object>
</annotation>
