<annotation>
	<folder></folder>
	<filename>000013--6-_JPG_jpg.rf.32d24d248441321f5e05d4b5f07729a6.jpg</filename>
	<path>000013--6-_JPG_jpg.rf.32d24d248441321f5e05d4b5f07729a6.jpg</path>
	<source>
		<database>roboflow.ai</database>
	</source>
	<size>
		<width>416</width>
		<height>416</height>
		<depth>3</depth>
	</size>
	<segmented>0</segmented>
	<object>
		<name>metal</name>
		<pose>Unspecified</pose>
		<truncated>0</truncated>
		<difficult>0</difficult>
		<occluded>0</occluded>
		<bndbox>
			<xmin>179</xmin>
			<xmax>221</xmax>
			<ymin>205</ymin>
			<ymax>247</ymax>
		</bndbox>
	</object>
	<object>
		<name>kagit</name>
		<pose>Unspecified</pose>
		<truncated>0</truncated>
		<difficult>0</difficult>
		<occluded>0</occluded>
		<bndbox>
			<xmin>157</xmin>
			<xmax>239</xmax>
			<ymin>111</ymin>
			<ymax>205</ymax>
		</bndbox>
	</object>
</annotation>
