<annotation>
	<folder></folder>
	<filename>000002--8-_jpg.rf.212d25edd014d93bf5a3f1b87828942e.jpg</filename>
	<path>000002--8-_jpg.rf.212d25edd014d93bf5a3f1b87828942e.jpg</path>
	<source>
		<database>roboflow.ai</database>
	</source>
	<size>
		<width>416</width>
		<height>416</height>
		<depth>3</depth>
	</size>
	<segmented>0</segmented>
	<object>
		<name>kopuk</name>
		<pose>Unspecified</pose>
		<truncated>0</truncated>
		<difficult>0</difficult>
		<occluded>0</occluded>
		<bndbox>
			<xmin>129</xmin>
			<xmax>339</xmax>
			<ymin>169</ymin>
			<ymax>291</ymax>
		</bndbox>
	</object>
</annotation>
