<annotation>
	<folder></folder>
	<filename>000005--9-_jpg.rf.c3f051c21a04203379c7e6466203e56f.jpg</filename>
	<path>000005--9-_jpg.rf.c3f051c21a04203379c7e6466203e56f.jpg</path>
	<source>
		<database>roboflow.ai</database>
	</source>
	<size>
		<width>416</width>
		<height>416</height>
		<depth>3</depth>
	</size>
	<segmented>0</segmented>
	<object>
		<name>plastik</name>
		<pose>Unspecified</pose>
		<truncated>0</truncated>
		<difficult>0</difficult>
		<occluded>0</occluded>
		<bndbox>
			<xmin>263</xmin>
			<xmax>401</xmax>
			<ymin>317</ymin>
			<ymax>343</ymax>
		</bndbox>
	</object>
	<object>
		<name>plastik</name>
		<pose>Unspecified</pose>
		<truncated>0</truncated>
		<difficult>0</difficult>
		<occluded>0</occluded>
		<bndbox>
			<xmin>249</xmin>
			<xmax>347</xmax>
			<ymin>163</ymin>
			<ymax>223</ymax>
		</bndbox>
	</object>
</annotation>
