<annotation>
	<folder></folder>
	<filename>000013--7-_jpg.rf.f8ae809d8040a62a7e83b8daca78e941.jpg</filename>
	<path>000013--7-_jpg.rf.f8ae809d8040a62a7e83b8daca78e941.jpg</path>
	<source>
		<database>roboflow.ai</database>
	</source>
	<size>
		<width>416</width>
		<height>416</height>
		<depth>3</depth>
	</size>
	<segmented>0</segmented>
	<object>
		<name>plastik</name>
		<pose>Unspecified</pose>
		<truncated>0</truncated>
		<difficult>0</difficult>
		<occluded>0</occluded>
		<bndbox>
			<xmin>301</xmin>
			<xmax>311</xmax>
			<ymin>197</ymin>
			<ymax>210</ymax>
		</bndbox>
	</object>
	<object>
		<name>plastik</name>
		<pose>Unspecified</pose>
		<truncated>0</truncated>
		<difficult>0</difficult>
		<occluded>0</occluded>
		<bndbox>
			<xmin>57</xmin>
			<xmax>84</xmax>
			<ymin>179</ymin>
			<ymax>237</ymax>
		</bndbox>
	</object>
</annotation>
