<annotation>
	<folder></folder>
	<filename>000011--9-_jpg.rf.6e6b66007daa559ea4391636a2d87eb1.jpg</filename>
	<path>000011--9-_jpg.rf.6e6b66007daa559ea4391636a2d87eb1.jpg</path>
	<source>
		<database>roboflow.ai</database>
	</source>
	<size>
		<width>416</width>
		<height>416</height>
		<depth>3</depth>
	</size>
	<segmented>0</segmented>
	<object>
		<name>karton</name>
		<pose>Unspecified</pose>
		<truncated>0</truncated>
		<difficult>0</difficult>
		<occluded>0</occluded>
		<bndbox>
			<xmin>162</xmin>
			<xmax>281</xmax>
			<ymin>73</ymin>
			<ymax>351</ymax>
		</bndbox>
	</object>
	<object>
		<name>karton</name>
		<pose>Unspecified</pose>
		<truncated>0</truncated>
		<difficult>0</difficult>
		<occluded>0</occluded>
		<bndbox>
			<xmin>2</xmin>
			<xmax>80</xmax>
			<ymin>2</ymin>
			<ymax>376</ymax>
		</bndbox>
	</object>
</annotation>
