<annotation>
	<folder></folder>
	<filename>000006--5-_JPG_jpg.rf.8072452c6a267c542c77b30f1d965d86.jpg</filename>
	<path>000006--5-_JPG_jpg.rf.8072452c6a267c542c77b30f1d965d86.jpg</path>
	<source>
		<database>roboflow.ai</database>
	</source>
	<size>
		<width>416</width>
		<height>416</height>
		<depth>3</depth>
	</size>
	<segmented>0</segmented>
	<object>
		<name>plastik</name>
		<pose>Unspecified</pose>
		<truncated>0</truncated>
		<difficult>0</difficult>
		<occluded>0</occluded>
		<bndbox>
			<xmin>195</xmin>
			<xmax>221</xmax>
			<ymin>168</ymin>
			<ymax>198</ymax>
		</bndbox>
	</object>
	<object>
		<name>plastik</name>
		<pose>Unspecified</pose>
		<truncated>0</truncated>
		<difficult>0</difficult>
		<occluded>0</occluded>
		<bndbox>
			<xmin>253</xmin>
			<xmax>265</xmax>
			<ymin>389</ymin>
			<ymax>401</ymax>
		</bndbox>
	</object>
	<object>
		<name>plastik</name>
		<pose>Unspecified</pose>
		<truncated>0</truncated>
		<difficult>0</difficult>
		<occluded>0</occluded>
		<bndbox>
			<xmin>182</xmin>
			<xmax>188</xmax>
			<ymin>340</ymin>
			<ymax>348</ymax>
		</bndbox>
	</object>
</annotation>
