<annotation>
	<folder></folder>
	<filename>000009--3-_JPG_jpg.rf.56447bb31a04ba5d21488e2b296f1847.jpg</filename>
	<path>000009--3-_JPG_jpg.rf.56447bb31a04ba5d21488e2b296f1847.jpg</path>
	<source>
		<database>roboflow.ai</database>
	</source>
	<size>
		<width>416</width>
		<height>416</height>
		<depth>3</depth>
	</size>
	<segmented>0</segmented>
	<object>
		<name>plastik</name>
		<pose>Unspecified</pose>
		<truncated>0</truncated>
		<difficult>0</difficult>
		<occluded>0</occluded>
		<bndbox>
			<xmin>241</xmin>
			<xmax>273</xmax>
			<ymin>129</ymin>
			<ymax>177</ymax>
		</bndbox>
	</object>
	<object>
		<name>plastik</name>
		<pose>Unspecified</pose>
		<truncated>0</truncated>
		<difficult>0</difficult>
		<occluded>0</occluded>
		<bndbox>
			<xmin>133</xmin>
			<xmax>202</xmax>
			<ymin>224</ymin>
			<ymax>253</ymax>
		</bndbox>
	</object>
</annotation>
