<annotation>
	<folder></folder>
	<filename>000011--4-_JPG_jpg.rf.9300d04d56d0e14427ef6a25b10b44d4.jpg</filename>
	<path>000011--4-_JPG_jpg.rf.9300d04d56d0e14427ef6a25b10b44d4.jpg</path>
	<source>
		<database>roboflow.ai</database>
	</source>
	<size>
		<width>416</width>
		<height>416</height>
		<depth>3</depth>
	</size>
	<segmented>0</segmented>
	<object>
		<name>plastik</name>
		<pose>Unspecified</pose>
		<truncated>0</truncated>
		<difficult>0</difficult>
		<occluded>0</occluded>
		<bndbox>
			<xmin>204</xmin>
			<xmax>248</xmax>
			<ymin>222</ymin>
			<ymax>242</ymax>
		</bndbox>
	</object>
</annotation>
