<annotation>
	<folder></folder>
	<filename>000015--10-_jpg.rf.0785daf3cf193421dd1dbf0b892c50b3.jpg</filename>
	<path>000015--10-_jpg.rf.0785daf3cf193421dd1dbf0b892c50b3.jpg</path>
	<source>
		<database>roboflow.ai</database>
	</source>
	<size>
		<width>416</width>
		<height>416</height>
		<depth>3</depth>
	</size>
	<segmented>0</segmented>
	<object>
		<name>kopuk</name>
		<pose>Unspecified</pose>
		<truncated>0</truncated>
		<difficult>0</difficult>
		<occluded>0</occluded>
		<bndbox>
			<xmin>193</xmin>
			<xmax>281</xmax>
			<ymin>194</ymin>
			<ymax>256</ymax>
		</bndbox>
	</object>
	<object>
		<name>kopuk</name>
		<pose>Unspecified</pose>
		<truncated>0</truncated>
		<difficult>0</difficult>
		<occluded>0</occluded>
		<bndbox>
			<xmin>113</xmin>
			<xmax>372</xmax>
			<ymin>136</ymin>
			<ymax>256</ymax>
		</bndbox>
	</object>
</annotation>
