<annotation>
	<folder></folder>
	<filename>000000--7-_jpg.rf.cd5d32a4feddad79bbac4348011a1297.jpg</filename>
	<path>000000--7-_jpg.rf.cd5d32a4feddad79bbac4348011a1297.jpg</path>
	<source>
		<database>roboflow.ai</database>
	</source>
	<size>
		<width>416</width>
		<height>416</height>
		<depth>3</depth>
	</size>
	<segmented>0</segmented>
	<object>
		<name>karton</name>
		<pose>Unspecified</pose>
		<truncated>0</truncated>
		<difficult>0</difficult>
		<occluded>0</occluded>
		<bndbox>
			<xmin>209</xmin>
			<xmax>236</xmax>
			<ymin>159</ymin>
			<ymax>182</ymax>
		</bndbox>
	</object>
</annotation>
