<annotation>
	<folder></folder>
	<filename>000004--2-_JPG_jpg.rf.382acd55d859af82e71a539f6622a1f1.jpg</filename>
	<path>000004--2-_JPG_jpg.rf.382acd55d859af82e71a539f6622a1f1.jpg</path>
	<source>
		<database>roboflow.ai</database>
	</source>
	<size>
		<width>416</width>
		<height>416</height>
		<depth>3</depth>
	</size>
	<segmented>0</segmented>
	<object>
		<name>kagit</name>
		<pose>Unspecified</pose>
		<truncated>0</truncated>
		<difficult>0</difficult>
		<occluded>0</occluded>
		<bndbox>
			<xmin>76</xmin>
			<xmax>120</xmax>
			<ymin>186</ymin>
			<ymax>198</ymax>
		</bndbox>
	</object>
	<object>
		<name>kagit</name>
		<pose>Unspecified</pose>
		<truncated>0</truncated>
		<difficult>0</difficult>
		<occluded>0</occluded>
		<bndbox>
			<xmin>245</xmin>
			<xmax>293</xmax>
			<ymin>180</ymin>
			<ymax>196</ymax>
		</bndbox>
	</object>
	<object>
		<name>kagit</name>
		<pose>Unspecified</pose>
		<truncated>0</truncated>
		<difficult>0</difficult>
		<occluded>0</occluded>
		<bndbox>
			<xmin>202</xmin>
			<xmax>254</xmax>
			<ymin>176</ymin>
			<ymax>196</ymax>
		</bndbox>
	</object>
</annotation>
