<annotation>
	<folder></folder>
	<filename>000010--9-_jpg.rf.fed5e9a0ed3e24f844b0f41fa8488ec5.jpg</filename>
	<path>000010--9-_jpg.rf.fed5e9a0ed3e24f844b0f41fa8488ec5.jpg</path>
	<source>
		<database>roboflow.ai</database>
	</source>
	<size>
		<width>416</width>
		<height>416</height>
		<depth>3</depth>
	</size>
	<segmented>0</segmented>
	<object>
		<name>plastik</name>
		<pose>Unspecified</pose>
		<truncated>0</truncated>
		<difficult>0</difficult>
		<occluded>0</occluded>
		<bndbox>
			<xmin>298</xmin>
			<xmax>307</xmax>
			<ymin>331</ymin>
			<ymax>345</ymax>
		</bndbox>
	</object>
</annotation>
