<annotation>
	<folder></folder>
	<filename>000018_JPG_jpg.rf.299fc8b91c6d1655c9efa70829fe92a1.jpg</filename>
	<path>000018_JPG_jpg.rf.299fc8b91c6d1655c9efa70829fe92a1.jpg</path>
	<source>
		<database>roboflow.ai</database>
	</source>
	<size>
		<width>416</width>
		<height>416</height>
		<depth>3</depth>
	</size>
	<segmented>0</segmented>
	<object>
		<name>plastik</name>
		<pose>Unspecified</pose>
		<truncated>0</truncated>
		<difficult>0</difficult>
		<occluded>0</occluded>
		<bndbox>
			<xmin>228</xmin>
			<xmax>250</xmax>
			<ymin>95</ymin>
			<ymax>101</ymax>
		</bndbox>
	</object>
</annotation>
