<annotation>
	<folder></folder>
	<filename>000006--6-_JPG_jpg.rf.b1ddcda59f2e74988793f15dc0efd3cf.jpg</filename>
	<path>000006--6-_JPG_jpg.rf.b1ddcda59f2e74988793f15dc0efd3cf.jpg</path>
	<source>
		<database>roboflow.ai</database>
	</source>
	<size>
		<width>416</width>
		<height>416</height>
		<depth>3</depth>
	</size>
	<segmented>0</segmented>
	<object>
		<name>plastik</name>
		<pose>Unspecified</pose>
		<truncated>0</truncated>
		<difficult>0</difficult>
		<occluded>0</occluded>
		<bndbox>
			<xmin>305</xmin>
			<xmax>384</xmax>
			<ymin>125</ymin>
			<ymax>175</ymax>
		</bndbox>
	</object>
</annotation>
