<annotation>
	<folder></folder>
	<filename>000009--6-_jpg.rf.f47b41030b14cbe27e2a51dfe10e0337.jpg</filename>
	<path>000009--6-_jpg.rf.f47b41030b14cbe27e2a51dfe10e0337.jpg</path>
	<source>
		<database>roboflow.ai</database>
	</source>
	<size>
		<width>416</width>
		<height>416</height>
		<depth>3</depth>
	</size>
	<segmented>0</segmented>
	<object>
		<name>karton</name>
		<pose>Unspecified</pose>
		<truncated>0</truncated>
		<difficult>0</difficult>
		<occluded>0</occluded>
		<bndbox>
			<xmin>117</xmin>
			<xmax>145</xmax>
			<ymin>87</ymin>
			<ymax>121</ymax>
		</bndbox>
	</object>
	<object>
		<name>plastik</name>
		<pose>Unspecified</pose>
		<truncated>0</truncated>
		<difficult>0</difficult>
		<occluded>0</occluded>
		<bndbox>
			<xmin>111</xmin>
			<xmax>118</xmax>
			<ymin>396</ymin>
			<ymax>416</ymax>
		</bndbox>
	</object>
</annotation>
