<annotation>
	<folder></folder>
	<filename>000006--10-_jpg.rf.7f93b2f641ff3bc87d97cba2ca39ad1d.jpg</filename>
	<path>000006--10-_jpg.rf.7f93b2f641ff3bc87d97cba2ca39ad1d.jpg</path>
	<source>
		<database>roboflow.ai</database>
	</source>
	<size>
		<width>416</width>
		<height>416</height>
		<depth>3</depth>
	</size>
	<segmented>0</segmented>
	<object>
		<name>karton</name>
		<pose>Unspecified</pose>
		<truncated>0</truncated>
		<difficult>0</difficult>
		<occluded>0</occluded>
		<bndbox>
			<xmin>217</xmin>
			<xmax>287</xmax>
			<ymin>16</ymin>
			<ymax>156</ymax>
		</bndbox>
	</object>
	<object>
		<name>karton</name>
		<pose>Unspecified</pose>
		<truncated>0</truncated>
		<difficult>0</difficult>
		<occluded>0</occluded>
		<bndbox>
			<xmin>188</xmin>
			<xmax>282</xmax>
			<ymin>117</ymin>
			<ymax>271</ymax>
		</bndbox>
	</object>
	<object>
		<name>karton</name>
		<pose>Unspecified</pose>
		<truncated>0</truncated>
		<difficult>0</difficult>
		<occluded>0</occluded>
		<bndbox>
			<xmin>177</xmin>
			<xmax>250</xmax>
			<ymin>231</ymin>
			<ymax>393</ymax>
		</bndbox>
	</object>
</annotation>
