<annotation>
	<folder></folder>
	<filename>000001--7-_jpg.rf.4132104fe44b8cd4f940471f07403b22.jpg</filename>
	<path>000001--7-_jpg.rf.4132104fe44b8cd4f940471f07403b22.jpg</path>
	<source>
		<database>roboflow.ai</database>
	</source>
	<size>
		<width>416</width>
		<height>416</height>
		<depth>3</depth>
	</size>
	<segmented>0</segmented>
	<object>
		<name>metal</name>
		<pose>Unspecified</pose>
		<truncated>0</truncated>
		<difficult>0</difficult>
		<occluded>0</occluded>
		<bndbox>
			<xmin>185</xmin>
			<xmax>263</xmax>
			<ymin>69</ymin>
			<ymax>121</ymax>
		</bndbox>
	</object>
</annotation>
