<annotation>
	<folder></folder>
	<filename>000015--5-_JPG_jpg.rf.88ec8bc42697b97e2e95f8fd3fee23e4.jpg</filename>
	<path>000015--5-_JPG_jpg.rf.88ec8bc42697b97e2e95f8fd3fee23e4.jpg</path>
	<source>
		<database>roboflow.ai</database>
	</source>
	<size>
		<width>416</width>
		<height>416</height>
		<depth>3</depth>
	</size>
	<segmented>0</segmented>
	<object>
		<name>karton</name>
		<pose>Unspecified</pose>
		<truncated>0</truncated>
		<difficult>0</difficult>
		<occluded>0</occluded>
		<bndbox>
			<xmin>169</xmin>
			<xmax>207</xmax>
			<ymin>342</ymin>
			<ymax>388</ymax>
		</bndbox>
	</object>
	<object>
		<name>plastik</name>
		<pose>Unspecified</pose>
		<truncated>0</truncated>
		<difficult>0</difficult>
		<occluded>0</occluded>
		<bndbox>
			<xmin>190</xmin>
			<xmax>264</xmax>
			<ymin>296</ymin>
			<ymax>340</ymax>
		</bndbox>
	</object>
	<object>
		<name>cam</name>
		<pose>Unspecified</pose>
		<truncated>0</truncated>
		<difficult>0</difficult>
		<occluded>0</occluded>
		<bndbox>
			<xmin>247</xmin>
			<xmax>320</xmax>
			<ymin>259</ymin>
			<ymax>345</ymax>
		</bndbox>
	</object>
</annotation>
