<annotation>
	<folder></folder>
	<filename>000002--8-_jpg.rf.47b76ee488380ad3424a62a1eca4061d.jpg</filename>
	<path>000002--8-_jpg.rf.47b76ee488380ad3424a62a1eca4061d.jpg</path>
	<source>
		<database>roboflow.ai</database>
	</source>
	<size>
		<width>416</width>
		<height>416</height>
		<depth>3</depth>
	</size>
	<segmented>0</segmented>
	<object>
		<name>kopuk</name>
		<pose>Unspecified</pose>
		<truncated>0</truncated>
		<difficult>0</difficult>
		<occluded>0</occluded>
		<bndbox>
			<xmin>127</xmin>
			<xmax>249</xmax>
			<ymin>129</ymin>
			<ymax>339</ymax>
		</bndbox>
	</object>
</annotation>
