<annotation>
	<folder></folder>
	<filename>000016--7-_jpg.rf.5bb813314555bfbf97d8ce1766cebc11.jpg</filename>
	<path>000016--7-_jpg.rf.5bb813314555bfbf97d8ce1766cebc11.jpg</path>
	<source>
		<database>roboflow.ai</database>
	</source>
	<size>
		<width>416</width>
		<height>416</height>
		<depth>3</depth>
	</size>
	<segmented>0</segmented>
	<object>
		<name>plastik</name>
		<pose>Unspecified</pose>
		<truncated>0</truncated>
		<difficult>0</difficult>
		<occluded>0</occluded>
		<bndbox>
			<xmin>85</xmin>
			<xmax>119</xmax>
			<ymin>191</ymin>
			<ymax>271</ymax>
		</bndbox>
	</object>
</annotation>
