<annotation>
	<folder></folder>
	<filename>000007--10-_jpg.rf.ffa9b0309c9024b306a41957ba6f13de.jpg</filename>
	<path>000007--10-_jpg.rf.ffa9b0309c9024b306a41957ba6f13de.jpg</path>
	<source>
		<database>roboflow.ai</database>
	</source>
	<size>
		<width>416</width>
		<height>416</height>
		<depth>3</depth>
	</size>
	<segmented>0</segmented>
	<object>
		<name>kagit</name>
		<pose>Unspecified</pose>
		<truncated>0</truncated>
		<difficult>0</difficult>
		<occluded>0</occluded>
		<bndbox>
			<xmin>187</xmin>
			<xmax>351</xmax>
			<ymin>176</ymin>
			<ymax>293</ymax>
		</bndbox>
	</object>
	<object>
		<name>plastik</name>
		<pose>Unspecified</pose>
		<truncated>0</truncated>
		<difficult>0</difficult>
		<occluded>0</occluded>
		<bndbox>
			<xmin>23</xmin>
			<xmax>234</xmax>
			<ymin>136</ymin>
			<ymax>268</ymax>
		</bndbox>
	</object>
</annotation>
