<annotation>
	<folder></folder>
	<filename>000011--5-_JPG_jpg.rf.7f00854e4b3e830cdeac760c1a548123.jpg</filename>
	<path>000011--5-_JPG_jpg.rf.7f00854e4b3e830cdeac760c1a548123.jpg</path>
	<source>
		<database>roboflow.ai</database>
	</source>
	<size>
		<width>416</width>
		<height>416</height>
		<depth>3</depth>
	</size>
	<segmented>0</segmented>
	<object>
		<name>metal</name>
		<pose>Unspecified</pose>
		<truncated>0</truncated>
		<difficult>0</difficult>
		<occluded>0</occluded>
		<bndbox>
			<xmin>254</xmin>
			<xmax>272</xmax>
			<ymin>188</ymin>
			<ymax>210</ymax>
		</bndbox>
	</object>
</annotation>
