<annotation>
	<folder></folder>
	<filename>000010--5-_JPG_jpg.rf.814a0372ff4754df9e3f53e3ad2171b8.jpg</filename>
	<path>000010--5-_JPG_jpg.rf.814a0372ff4754df9e3f53e3ad2171b8.jpg</path>
	<source>
		<database>roboflow.ai</database>
	</source>
	<size>
		<width>416</width>
		<height>416</height>
		<depth>3</depth>
	</size>
	<segmented>0</segmented>
	<object>
		<name>plastik</name>
		<pose>Unspecified</pose>
		<truncated>0</truncated>
		<difficult>0</difficult>
		<occluded>0</occluded>
		<bndbox>
			<xmin>91</xmin>
			<xmax>195</xmax>
			<ymin>204</ymin>
			<ymax>297</ymax>
		</bndbox>
	</object>
</annotation>
