<annotation>
	<folder></folder>
	<filename>000008_jpg.rf.fff41a7d0dc56d6421f34b1dcfa9f30d.jpg</filename>
	<path>000008_jpg.rf.fff41a7d0dc56d6421f34b1dcfa9f30d.jpg</path>
	<source>
		<database>roboflow.ai</database>
	</source>
	<size>
		<width>416</width>
		<height>416</height>
		<depth>3</depth>
	</size>
	<segmented>0</segmented>
	<object>
		<name>karton</name>
		<pose>Unspecified</pose>
		<truncated>0</truncated>
		<difficult>0</difficult>
		<occluded>0</occluded>
		<bndbox>
			<xmin>28</xmin>
			<xmax>416</xmax>
			<ymin>88</ymin>
			<ymax>403</ymax>
		</bndbox>
	</object>
	<object>
		<name>karton</name>
		<pose>Unspecified</pose>
		<truncated>0</truncated>
		<difficult>0</difficult>
		<occluded>0</occluded>
		<bndbox>
			<xmin>2</xmin>
			<xmax>274</xmax>
			<ymin>55</ymin>
			<ymax>199</ymax>
		</bndbox>
	</object>
</annotation>
