<annotation>
	<folder></folder>
	<filename>000006--3-_JPG_jpg.rf.a2e96965d3aea08885752c1133e6d51b.jpg</filename>
	<path>000006--3-_JPG_jpg.rf.a2e96965d3aea08885752c1133e6d51b.jpg</path>
	<source>
		<database>roboflow.ai</database>
	</source>
	<size>
		<width>416</width>
		<height>416</height>
		<depth>3</depth>
	</size>
	<segmented>0</segmented>
	<object>
		<name>kagit</name>
		<pose>Unspecified</pose>
		<truncated>0</truncated>
		<difficult>0</difficult>
		<occluded>0</occluded>
		<bndbox>
			<xmin>228</xmin>
			<xmax>286</xmax>
			<ymin>341</ymin>
			<ymax>369</ymax>
		</bndbox>
	</object>
</annotation>
