<annotation>
	<folder></folder>
	<filename>000004_jpg.rf.ebacfaa0e1b5315c6d3bb6dfa8f2f051.jpg</filename>
	<path>000004_jpg.rf.ebacfaa0e1b5315c6d3bb6dfa8f2f051.jpg</path>
	<source>
		<database>roboflow.ai</database>
	</source>
	<size>
		<width>416</width>
		<height>416</height>
		<depth>3</depth>
	</size>
	<segmented>0</segmented>
	<object>
		<name>metal</name>
		<pose>Unspecified</pose>
		<truncated>0</truncated>
		<difficult>0</difficult>
		<occluded>0</occluded>
		<bndbox>
			<xmin>219</xmin>
			<xmax>250</xmax>
			<ymin>31</ymin>
			<ymax>82</ymax>
		</bndbox>
	</object>
</annotation>
