<annotation>
	<folder></folder>
	<filename>000006--11-_jpg.rf.22e68c26f9c2937d59a0fb380a89ee01.jpg</filename>
	<path>000006--11-_jpg.rf.22e68c26f9c2937d59a0fb380a89ee01.jpg</path>
	<source>
		<database>roboflow.ai</database>
	</source>
	<size>
		<width>416</width>
		<height>416</height>
		<depth>3</depth>
	</size>
	<segmented>0</segmented>
	<object>
		<name>plastik</name>
		<pose>Unspecified</pose>
		<truncated>0</truncated>
		<difficult>0</difficult>
		<occluded>0</occluded>
		<bndbox>
			<xmin>162</xmin>
			<xmax>262</xmax>
			<ymin>204</ymin>
			<ymax>266</ymax>
		</bndbox>
	</object>
</annotation>
