<annotation>
	<folder></folder>
	<filename>000015_jpg.rf.a953f8ea2f8d00ae50f2cb8e3afe1789.jpg</filename>
	<path>000015_jpg.rf.a953f8ea2f8d00ae50f2cb8e3afe1789.jpg</path>
	<source>
		<database>roboflow.ai</database>
	</source>
	<size>
		<width>416</width>
		<height>416</height>
		<depth>3</depth>
	</size>
	<segmented>0</segmented>
	<object>
		<name>plastik</name>
		<pose>Unspecified</pose>
		<truncated>0</truncated>
		<difficult>0</difficult>
		<occluded>0</occluded>
		<bndbox>
			<xmin>216</xmin>
			<xmax>254</xmax>
			<ymin>225</ymin>
			<ymax>278</ymax>
		</bndbox>
	</object>
	<object>
		<name>plastik</name>
		<pose>Unspecified</pose>
		<truncated>0</truncated>
		<difficult>0</difficult>
		<occluded>0</occluded>
		<bndbox>
			<xmin>277</xmin>
			<xmax>339</xmax>
			<ymin>365</ymin>
			<ymax>417</ymax>
		</bndbox>
	</object>
</annotation>
