<annotation>
	<folder></folder>
	<filename>000013--8-_jpg.rf.3fff94c90282986341902e9b14db3eba.jpg</filename>
	<path>000013--8-_jpg.rf.3fff94c90282986341902e9b14db3eba.jpg</path>
	<source>
		<database>roboflow.ai</database>
	</source>
	<size>
		<width>416</width>
		<height>416</height>
		<depth>3</depth>
	</size>
	<segmented>0</segmented>
	<object>
		<name>kagit</name>
		<pose>Unspecified</pose>
		<truncated>0</truncated>
		<difficult>0</difficult>
		<occluded>0</occluded>
		<bndbox>
			<xmin>210</xmin>
			<xmax>232</xmax>
			<ymin>185</ymin>
			<ymax>194</ymax>
		</bndbox>
	</object>
</annotation>
