<annotation>
	<folder></folder>
	<filename>000020--7-_jpg.rf.723f4d4c61176f50c78be40e27e384c3.jpg</filename>
	<path>000020--7-_jpg.rf.723f4d4c61176f50c78be40e27e384c3.jpg</path>
	<source>
		<database>roboflow.ai</database>
	</source>
	<size>
		<width>416</width>
		<height>416</height>
		<depth>3</depth>
	</size>
	<segmented>0</segmented>
	<object>
		<name>plastik</name>
		<pose>Unspecified</pose>
		<truncated>0</truncated>
		<difficult>0</difficult>
		<occluded>0</occluded>
		<bndbox>
			<xmin>287</xmin>
			<xmax>362</xmax>
			<ymin>125</ymin>
			<ymax>325</ymax>
		</bndbox>
	</object>
</annotation>
