<annotation>
	<folder></folder>
	<filename>000021--6-_JPG_jpg.rf.8140fe8d1db34e5cd72d73780c6924b1.jpg</filename>
	<path>000021--6-_JPG_jpg.rf.8140fe8d1db34e5cd72d73780c6924b1.jpg</path>
	<source>
		<database>roboflow.ai</database>
	</source>
	<size>
		<width>416</width>
		<height>416</height>
		<depth>3</depth>
	</size>
	<segmented>0</segmented>
	<object>
		<name>kagit</name>
		<pose>Unspecified</pose>
		<truncated>0</truncated>
		<difficult>0</difficult>
		<occluded>0</occluded>
		<bndbox>
			<xmin>293</xmin>
			<xmax>409</xmax>
			<ymin>2</ymin>
			<ymax>70</ymax>
		</bndbox>
	</object>
	<object>
		<name>kopuk</name>
		<pose>Unspecified</pose>
		<truncated>0</truncated>
		<difficult>0</difficult>
		<occluded>0</occluded>
		<bndbox>
			<xmin>139</xmin>
			<xmax>177</xmax>
			<ymin>154</ymin>
			<ymax>204</ymax>
		</bndbox>
	</object>
	<object>
		<name>kagit</name>
		<pose>Unspecified</pose>
		<truncated>0</truncated>
		<difficult>0</difficult>
		<occluded>0</occluded>
		<bndbox>
			<xmin>23</xmin>
			<xmax>29</xmax>
			<ymin>360</ymin>
			<ymax>370</ymax>
		</bndbox>
	</object>
</annotation>
