<annotation>
	<folder></folder>
	<filename>000017--7-_jpg.rf.b8ef4ac5cb0cb0fcb54a2d98fee58ccb.jpg</filename>
	<path>000017--7-_jpg.rf.b8ef4ac5cb0cb0fcb54a2d98fee58ccb.jpg</path>
	<source>
		<database>roboflow.ai</database>
	</source>
	<size>
		<width>416</width>
		<height>416</height>
		<depth>3</depth>
	</size>
	<segmented>0</segmented>
	<object>
		<name>plastik</name>
		<pose>Unspecified</pose>
		<truncated>0</truncated>
		<difficult>0</difficult>
		<occluded>0</occluded>
		<bndbox>
			<xmin>188</xmin>
			<xmax>238</xmax>
			<ymin>223</ymin>
			<ymax>281</ymax>
		</bndbox>
	</object>
</annotation>
