<annotation>
	<folder></folder>
	<filename>000019--6-_JPG_jpg.rf.b6c58524af454d2c395ef03a427c09d3.jpg</filename>
	<path>000019--6-_JPG_jpg.rf.b6c58524af454d2c395ef03a427c09d3.jpg</path>
	<source>
		<database>roboflow.ai</database>
	</source>
	<size>
		<width>416</width>
		<height>416</height>
		<depth>3</depth>
	</size>
	<segmented>0</segmented>
	<object>
		<name>plastik</name>
		<pose>Unspecified</pose>
		<truncated>0</truncated>
		<difficult>0</difficult>
		<occluded>0</occluded>
		<bndbox>
			<xmin>198</xmin>
			<xmax>233</xmax>
			<ymin>158</ymin>
			<ymax>192</ymax>
		</bndbox>
	</object>
</annotation>
