<annotation>
	<folder></folder>
	<filename>000000--4-_JPG_jpg.rf.efe2ff143c6a5fb978c9d164a263b94a.jpg</filename>
	<path>000000--4-_JPG_jpg.rf.efe2ff143c6a5fb978c9d164a263b94a.jpg</path>
	<source>
		<database>roboflow.ai</database>
	</source>
	<size>
		<width>416</width>
		<height>416</height>
		<depth>3</depth>
	</size>
	<segmented>0</segmented>
	<object>
		<name>plastik</name>
		<pose>Unspecified</pose>
		<truncated>0</truncated>
		<difficult>0</difficult>
		<occluded>0</occluded>
		<bndbox>
			<xmin>147</xmin>
			<xmax>179</xmax>
			<ymin>215</ymin>
			<ymax>248</ymax>
		</bndbox>
	</object>
	<object>
		<name>kagit</name>
		<pose>Unspecified</pose>
		<truncated>0</truncated>
		<difficult>0</difficult>
		<occluded>0</occluded>
		<bndbox>
			<xmin>163</xmin>
			<xmax>179</xmax>
			<ymin>194</ymin>
			<ymax>204</ymax>
		</bndbox>
	</object>
	<object>
		<name>kagit</name>
		<pose>Unspecified</pose>
		<truncated>0</truncated>
		<difficult>0</difficult>
		<occluded>0</occluded>
		<bndbox>
			<xmin>77</xmin>
			<xmax>102</xmax>
			<ymin>229</ymin>
			<ymax>257</ymax>
		</bndbox>
	</object>
</annotation>
