<annotation>
	<folder></folder>
	<filename>000008--3-_JPG_jpg.rf.fce8dc6c5592aabcce7021640e0b2400.jpg</filename>
	<path>000008--3-_JPG_jpg.rf.fce8dc6c5592aabcce7021640e0b2400.jpg</path>
	<source>
		<database>roboflow.ai</database>
	</source>
	<size>
		<width>416</width>
		<height>416</height>
		<depth>3</depth>
	</size>
	<segmented>0</segmented>
	<object>
		<name>plastik</name>
		<pose>Unspecified</pose>
		<truncated>0</truncated>
		<difficult>0</difficult>
		<occluded>0</occluded>
		<bndbox>
			<xmin>175</xmin>
			<xmax>243</xmax>
			<ymin>155</ymin>
			<ymax>232</ymax>
		</bndbox>
	</object>
</annotation>
