<annotation>
	<folder></folder>
	<filename>000014_jpg.rf.d8e4528dd88337fe7f3db82b736409f4.jpg</filename>
	<path>000014_jpg.rf.d8e4528dd88337fe7f3db82b736409f4.jpg</path>
	<source>
		<database>roboflow.ai</database>
	</source>
	<size>
		<width>416</width>
		<height>416</height>
		<depth>3</depth>
	</size>
	<segmented>0</segmented>
	<object>
		<name>metal</name>
		<pose>Unspecified</pose>
		<truncated>0</truncated>
		<difficult>0</difficult>
		<occluded>0</occluded>
		<bndbox>
			<xmin>168</xmin>
			<xmax>201</xmax>
			<ymin>175</ymin>
			<ymax>237</ymax>
		</bndbox>
	</object>
	<object>
		<name>plastik</name>
		<pose>Unspecified</pose>
		<truncated>0</truncated>
		<difficult>0</difficult>
		<occluded>0</occluded>
		<bndbox>
			<xmin>153</xmin>
			<xmax>208</xmax>
			<ymin>236</ymin>
			<ymax>310</ymax>
		</bndbox>
	</object>
	<object>
		<name>diger</name>
		<pose>Unspecified</pose>
		<truncated>0</truncated>
		<difficult>0</difficult>
		<occluded>0</occluded>
		<bndbox>
			<xmin>187</xmin>
			<xmax>217</xmax>
			<ymin>94</ymin>
			<ymax>127</ymax>
		</bndbox>
	</object>
	<object>
		<name>karton</name>
		<pose>Unspecified</pose>
		<truncated>0</truncated>
		<difficult>0</difficult>
		<occluded>0</occluded>
		<bndbox>
			<xmin>170</xmin>
			<xmax>212</xmax>
			<ymin>100</ymin>
			<ymax>192</ymax>
		</bndbox>
	</object>
	<object>
		<name>kagit</name>
		<pose>Unspecified</pose>
		<truncated>0</truncated>
		<difficult>0</difficult>
		<occluded>0</occluded>
		<bndbox>
			<xmin>212</xmin>
			<xmax>232</xmax>
			<ymin>166</ymin>
			<ymax>208</ymax>
		</bndbox>
	</object>
</annotation>
