<annotation>
	<folder></folder>
	<filename>000011--7-_jpg.rf.7589e1ac906e1fb757e487db623b2fcc.jpg</filename>
	<path>000011--7-_jpg.rf.7589e1ac906e1fb757e487db623b2fcc.jpg</path>
	<source>
		<database>roboflow.ai</database>
	</source>
	<size>
		<width>416</width>
		<height>416</height>
		<depth>3</depth>
	</size>
	<segmented>0</segmented>
	<object>
		<name>plastik</name>
		<pose>Unspecified</pose>
		<truncated>0</truncated>
		<difficult>0</difficult>
		<occluded>0</occluded>
		<bndbox>
			<xmin>150</xmin>
			<xmax>179</xmax>
			<ymin>167</ymin>
			<ymax>221</ymax>
		</bndbox>
	</object>
</annotation>
