<annotation>
	<folder></folder>
	<filename>000007--10-_jpg.rf.339ce3b31cab49cbecc728d68f7cb653.jpg</filename>
	<path>000007--10-_jpg.rf.339ce3b31cab49cbecc728d68f7cb653.jpg</path>
	<source>
		<database>roboflow.ai</database>
	</source>
	<size>
		<width>416</width>
		<height>416</height>
		<depth>3</depth>
	</size>
	<segmented>0</segmented>
	<object>
		<name>kagit</name>
		<pose>Unspecified</pose>
		<truncated>0</truncated>
		<difficult>0</difficult>
		<occluded>0</occluded>
		<bndbox>
			<xmin>67</xmin>
			<xmax>231</xmax>
			<ymin>126</ymin>
			<ymax>243</ymax>
		</bndbox>
	</object>
	<object>
		<name>plastik</name>
		<pose>Unspecified</pose>
		<truncated>0</truncated>
		<difficult>0</difficult>
		<occluded>0</occluded>
		<bndbox>
			<xmin>184</xmin>
			<xmax>395</xmax>
			<ymin>151</ymin>
			<ymax>283</ymax>
		</bndbox>
	</object>
</annotation>
