<annotation>
	<folder></folder>
	<filename>000005--10-_jpg.rf.ab2ea94b63254129765cabba5ab5fdb7.jpg</filename>
	<path>000005--10-_jpg.rf.ab2ea94b63254129765cabba5ab5fdb7.jpg</path>
	<source>
		<database>roboflow.ai</database>
	</source>
	<size>
		<width>416</width>
		<height>416</height>
		<depth>3</depth>
	</size>
	<segmented>0</segmented>
	<object>
		<name>karton</name>
		<pose>Unspecified</pose>
		<truncated>0</truncated>
		<difficult>0</difficult>
		<occluded>0</occluded>
		<bndbox>
			<xmin>125</xmin>
			<xmax>300</xmax>
			<ymin>2</ymin>
			<ymax>378</ymax>
		</bndbox>
	</object>
	<object>
		<name>kopuk</name>
		<pose>Unspecified</pose>
		<truncated>0</truncated>
		<difficult>0</difficult>
		<occluded>0</occluded>
		<bndbox>
			<xmin>199</xmin>
			<xmax>286</xmax>
			<ymin>1</ymin>
			<ymax>277</ymax>
		</bndbox>
	</object>
</annotation>
