<annotation>
	<folder></folder>
	<filename>000017--3-_JPG_jpg.rf.dd93569f185e371e5f9b485de6cc686f.jpg</filename>
	<path>000017--3-_JPG_jpg.rf.dd93569f185e371e5f9b485de6cc686f.jpg</path>
	<source>
		<database>roboflow.ai</database>
	</source>
	<size>
		<width>416</width>
		<height>416</height>
		<depth>3</depth>
	</size>
	<segmented>0</segmented>
	<object>
		<name>metal</name>
		<pose>Unspecified</pose>
		<truncated>0</truncated>
		<difficult>0</difficult>
		<occluded>0</occluded>
		<bndbox>
			<xmin>232</xmin>
			<xmax>275</xmax>
			<ymin>155</ymin>
			<ymax>234</ymax>
		</bndbox>
	</object>
</annotation>
