<annotation>
	<folder></folder>
	<filename>000012--2-_JPG_jpg.rf.a297d6f5133683868d5cdd1b966b71bb.jpg</filename>
	<path>000012--2-_JPG_jpg.rf.a297d6f5133683868d5cdd1b966b71bb.jpg</path>
	<source>
		<database>roboflow.ai</database>
	</source>
	<size>
		<width>416</width>
		<height>416</height>
		<depth>3</depth>
	</size>
	<segmented>0</segmented>
	<object>
		<name>kagit</name>
		<pose>Unspecified</pose>
		<truncated>0</truncated>
		<difficult>0</difficult>
		<occluded>0</occluded>
		<bndbox>
			<xmin>239</xmin>
			<xmax>277</xmax>
			<ymin>194</ymin>
			<ymax>238</ymax>
		</bndbox>
	</object>
</annotation>
