<annotation>
	<folder></folder>
	<filename>000010--2-_JPG_jpg.rf.d4c750784502ae02be7d0e56b3ed6cc5.jpg</filename>
	<path>000010--2-_JPG_jpg.rf.d4c750784502ae02be7d0e56b3ed6cc5.jpg</path>
	<source>
		<database>roboflow.ai</database>
	</source>
	<size>
		<width>416</width>
		<height>416</height>
		<depth>3</depth>
	</size>
	<segmented>0</segmented>
	<object>
		<name>plastik</name>
		<pose>Unspecified</pose>
		<truncated>0</truncated>
		<difficult>0</difficult>
		<occluded>0</occluded>
		<bndbox>
			<xmin>82</xmin>
			<xmax>194</xmax>
			<ymin>175</ymin>
			<ymax>302</ymax>
		</bndbox>
	</object>
</annotation>
