<annotation>
	<folder></folder>
	<filename>000017--7-_jpg.rf.1207cd3ab74bf7dec99f39addf9ca37b.jpg</filename>
	<path>000017--7-_jpg.rf.1207cd3ab74bf7dec99f39addf9ca37b.jpg</path>
	<source>
		<database>roboflow.ai</database>
	</source>
	<size>
		<width>416</width>
		<height>416</height>
		<depth>3</depth>
	</size>
	<segmented>0</segmented>
	<object>
		<name>plastik</name>
		<pose>Unspecified</pose>
		<truncated>0</truncated>
		<difficult>0</difficult>
		<occluded>0</occluded>
		<bndbox>
			<xmin>181</xmin>
			<xmax>231</xmax>
			<ymin>137</ymin>
			<ymax>195</ymax>
		</bndbox>
	</object>
</annotation>
