<annotation>
	<folder></folder>
	<filename>000000--7-_jpg.rf.18142ee172419290ce04f118944d62fe.jpg</filename>
	<path>000000--7-_jpg.rf.18142ee172419290ce04f118944d62fe.jpg</path>
	<source>
		<database>roboflow.ai</database>
	</source>
	<size>
		<width>416</width>
		<height>416</height>
		<depth>3</depth>
	</size>
	<segmented>0</segmented>
	<object>
		<name>karton</name>
		<pose>Unspecified</pose>
		<truncated>0</truncated>
		<difficult>0</difficult>
		<occluded>0</occluded>
		<bndbox>
			<xmin>159</xmin>
			<xmax>182</xmax>
			<ymin>209</ymin>
			<ymax>236</ymax>
		</bndbox>
	</object>
</annotation>
