<annotation>
	<folder></folder>
	<filename>000020--5-_JPG_jpg.rf.2749933fdc229b22e5c63f2c17000045.jpg</filename>
	<path>000020--5-_JPG_jpg.rf.2749933fdc229b22e5c63f2c17000045.jpg</path>
	<source>
		<database>roboflow.ai</database>
	</source>
	<size>
		<width>416</width>
		<height>416</height>
		<depth>3</depth>
	</size>
	<segmented>0</segmented>
	<object>
		<name>kopuk</name>
		<pose>Unspecified</pose>
		<truncated>0</truncated>
		<difficult>0</difficult>
		<occluded>0</occluded>
		<bndbox>
			<xmin>261</xmin>
			<xmax>303</xmax>
			<ymin>259</ymin>
			<ymax>289</ymax>
		</bndbox>
	</object>
</annotation>
