<annotation>
	<folder></folder>
	<filename>000020--5-_JPG_jpg.rf.394b2930dfc26500a6b021f9321a8164.jpg</filename>
	<path>000020--5-_JPG_jpg.rf.394b2930dfc26500a6b021f9321a8164.jpg</path>
	<source>
		<database>roboflow.ai</database>
	</source>
	<size>
		<width>416</width>
		<height>416</height>
		<depth>3</depth>
	</size>
	<segmented>0</segmented>
	<object>
		<name>kopuk</name>
		<pose>Unspecified</pose>
		<truncated>0</truncated>
		<difficult>0</difficult>
		<occluded>0</occluded>
		<bndbox>
			<xmin>129</xmin>
			<xmax>159</xmax>
			<ymin>115</ymin>
			<ymax>157</ymax>
		</bndbox>
	</object>
</annotation>
