<annotation>
	<folder></folder>
	<filename>000001--3-_JPG_jpg.rf.7bdda5c365420741758259594c02f65c.jpg</filename>
	<path>000001--3-_JPG_jpg.rf.7bdda5c365420741758259594c02f65c.jpg</path>
	<source>
		<database>roboflow.ai</database>
	</source>
	<size>
		<width>416</width>
		<height>416</height>
		<depth>3</depth>
	</size>
	<segmented>0</segmented>
	<object>
		<name>plastik</name>
		<pose>Unspecified</pose>
		<truncated>0</truncated>
		<difficult>0</difficult>
		<occluded>0</occluded>
		<bndbox>
			<xmin>185</xmin>
			<xmax>213</xmax>
			<ymin>145</ymin>
			<ymax>195</ymax>
		</bndbox>
	</object>
</annotation>
