<annotation>
	<folder></folder>
	<filename>000021--11-_jpg.rf.bcc3d5025872b93dba96cf2c436dd94b.jpg</filename>
	<path>000021--11-_jpg.rf.bcc3d5025872b93dba96cf2c436dd94b.jpg</path>
	<source>
		<database>roboflow.ai</database>
	</source>
	<size>
		<width>416</width>
		<height>416</height>
		<depth>3</depth>
	</size>
	<segmented>0</segmented>
	<object>
		<name>plastik</name>
		<pose>Unspecified</pose>
		<truncated>0</truncated>
		<difficult>0</difficult>
		<occluded>0</occluded>
		<bndbox>
			<xmin>197</xmin>
			<xmax>267</xmax>
			<ymin>199</ymin>
			<ymax>247</ymax>
		</bndbox>
	</object>
	<object>
		<name>plastik</name>
		<pose>Unspecified</pose>
		<truncated>0</truncated>
		<difficult>0</difficult>
		<occluded>0</occluded>
		<bndbox>
			<xmin>115</xmin>
			<xmax>146</xmax>
			<ymin>266</ymin>
			<ymax>284</ymax>
		</bndbox>
	</object>
</annotation>
