<annotation>
	<folder></folder>
	<filename>000018--2-_JPG_jpg.rf.ac61370e7697f6d40e539ecd53ebf013.jpg</filename>
	<path>000018--2-_JPG_jpg.rf.ac61370e7697f6d40e539ecd53ebf013.jpg</path>
	<source>
		<database>roboflow.ai</database>
	</source>
	<size>
		<width>416</width>
		<height>416</height>
		<depth>3</depth>
	</size>
	<segmented>0</segmented>
	<object>
		<name>plastik</name>
		<pose>Unspecified</pose>
		<truncated>0</truncated>
		<difficult>0</difficult>
		<occluded>0</occluded>
		<bndbox>
			<xmin>191</xmin>
			<xmax>252</xmax>
			<ymin>221</ymin>
			<ymax>331</ymax>
		</bndbox>
	</object>
</annotation>
