<annotation>
	<folder></folder>
	<filename>000012--5-_JPG_jpg.rf.9f04f4b56deb16c2a0fbfc4545dbf739.jpg</filename>
	<path>000012--5-_JPG_jpg.rf.9f04f4b56deb16c2a0fbfc4545dbf739.jpg</path>
	<source>
		<database>roboflow.ai</database>
	</source>
	<size>
		<width>416</width>
		<height>416</height>
		<depth>3</depth>
	</size>
	<segmented>0</segmented>
	<object>
		<name>plastik</name>
		<pose>Unspecified</pose>
		<truncated>0</truncated>
		<difficult>0</difficult>
		<occluded>0</occluded>
		<bndbox>
			<xmin>204</xmin>
			<xmax>296</xmax>
			<ymin>232</ymin>
			<ymax>290</ymax>
		</bndbox>
	</object>
</annotation>
