<annotation>
	<folder></folder>
	<filename>000019--4-_JPG_jpg.rf.a9b27c6c443114dacc82d0b10f7941be.jpg</filename>
	<path>000019--4-_JPG_jpg.rf.a9b27c6c443114dacc82d0b10f7941be.jpg</path>
	<source>
		<database>roboflow.ai</database>
	</source>
	<size>
		<width>416</width>
		<height>416</height>
		<depth>3</depth>
	</size>
	<segmented>0</segmented>
	<object>
		<name>plastik</name>
		<pose>Unspecified</pose>
		<truncated>0</truncated>
		<difficult>0</difficult>
		<occluded>0</occluded>
		<bndbox>
			<xmin>159</xmin>
			<xmax>231</xmax>
			<ymin>180</ymin>
			<ymax>208</ymax>
		</bndbox>
	</object>
</annotation>
