<annotation>
	<folder></folder>
	<filename>000006--8-_jpg.rf.d99879dc603e479ba1f9eb9fca0ac193.jpg</filename>
	<path>000006--8-_jpg.rf.d99879dc603e479ba1f9eb9fca0ac193.jpg</path>
	<source>
		<database>roboflow.ai</database>
	</source>
	<size>
		<width>416</width>
		<height>416</height>
		<depth>3</depth>
	</size>
	<segmented>0</segmented>
	<object>
		<name>plastik</name>
		<pose>Unspecified</pose>
		<truncated>0</truncated>
		<difficult>0</difficult>
		<occluded>0</occluded>
		<bndbox>
			<xmin>218</xmin>
			<xmax>255</xmax>
			<ymin>132</ymin>
			<ymax>198</ymax>
		</bndbox>
	</object>
</annotation>
