<annotation>
	<folder></folder>
	<filename>000007_jpg.rf.e6a6d5788f9dd70c8ad9c6ac6983229c.jpg</filename>
	<path>000007_jpg.rf.e6a6d5788f9dd70c8ad9c6ac6983229c.jpg</path>
	<source>
		<database>roboflow.ai</database>
	</source>
	<size>
		<width>416</width>
		<height>416</height>
		<depth>3</depth>
	</size>
	<segmented>0</segmented>
	<object>
		<name>metal</name>
		<pose>Unspecified</pose>
		<truncated>0</truncated>
		<difficult>0</difficult>
		<occluded>0</occluded>
		<bndbox>
			<xmin>194</xmin>
			<xmax>273</xmax>
			<ymin>27</ymin>
			<ymax>152</ymax>
		</bndbox>
	</object>
</annotation>
