<annotation>
	<folder></folder>
	<filename>000018--3-_JPG_jpg.rf.51ed6325923bd18a2c34801ce163f5e8.jpg</filename>
	<path>000018--3-_JPG_jpg.rf.51ed6325923bd18a2c34801ce163f5e8.jpg</path>
	<source>
		<database>roboflow.ai</database>
	</source>
	<size>
		<width>416</width>
		<height>416</height>
		<depth>3</depth>
	</size>
	<segmented>0</segmented>
	<object>
		<name>plastik</name>
		<pose>Unspecified</pose>
		<truncated>0</truncated>
		<difficult>0</difficult>
		<occluded>0</occluded>
		<bndbox>
			<xmin>178</xmin>
			<xmax>249</xmax>
			<ymin>147</ymin>
			<ymax>189</ymax>
		</bndbox>
	</object>
</annotation>
