<annotation>
	<folder></folder>
	<filename>000001--2-_JPG_jpg.rf.71d94b2ed27237c7369ec290bf622d60.jpg</filename>
	<path>000001--2-_JPG_jpg.rf.71d94b2ed27237c7369ec290bf622d60.jpg</path>
	<source>
		<database>roboflow.ai</database>
	</source>
	<size>
		<width>416</width>
		<height>416</height>
		<depth>3</depth>
	</size>
	<segmented>0</segmented>
	<object>
		<name>cam</name>
		<pose>Unspecified</pose>
		<truncated>0</truncated>
		<difficult>0</difficult>
		<occluded>0</occluded>
		<bndbox>
			<xmin>302</xmin>
			<xmax>350</xmax>
			<ymin>204</ymin>
			<ymax>233</ymax>
		</bndbox>
	</object>
	<object>
		<name>cam</name>
		<pose>Unspecified</pose>
		<truncated>0</truncated>
		<difficult>0</difficult>
		<occluded>0</occluded>
		<bndbox>
			<xmin>48</xmin>
			<xmax>76</xmax>
			<ymin>140</ymin>
			<ymax>212</ymax>
		</bndbox>
	</object>
	<object>
		<name>plastik</name>
		<pose>Unspecified</pose>
		<truncated>0</truncated>
		<difficult>0</difficult>
		<occluded>0</occluded>
		<bndbox>
			<xmin>61</xmin>
			<xmax>75</xmax>
			<ymin>270</ymin>
			<ymax>299</ymax>
		</bndbox>
	</object>
</annotation>
