<annotation>
	<folder></folder>
	<filename>000020--4-_JPG_jpg.rf.73b414d7d605adf7a5711a19108b36c3.jpg</filename>
	<path>000020--4-_JPG_jpg.rf.73b414d7d605adf7a5711a19108b36c3.jpg</path>
	<source>
		<database>roboflow.ai</database>
	</source>
	<size>
		<width>416</width>
		<height>416</height>
		<depth>3</depth>
	</size>
	<segmented>0</segmented>
	<object>
		<name>plastik</name>
		<pose>Unspecified</pose>
		<truncated>0</truncated>
		<difficult>0</difficult>
		<occluded>0</occluded>
		<bndbox>
			<xmin>168</xmin>
			<xmax>206</xmax>
			<ymin>225</ymin>
			<ymax>247</ymax>
		</bndbox>
	</object>
</annotation>
