<annotation>
	<folder></folder>
	<filename>000020--5-_JPG_jpg.rf.1705f894c21c1d281289295500102608.jpg</filename>
	<path>000020--5-_JPG_jpg.rf.1705f894c21c1d281289295500102608.jpg</path>
	<source>
		<database>roboflow.ai</database>
	</source>
	<size>
		<width>416</width>
		<height>416</height>
		<depth>3</depth>
	</size>
	<segmented>0</segmented>
	<object>
		<name>kopuk</name>
		<pose>Unspecified</pose>
		<truncated>0</truncated>
		<difficult>0</difficult>
		<occluded>0</occluded>
		<bndbox>
			<xmin>259</xmin>
			<xmax>289</xmax>
			<ymin>261</ymin>
			<ymax>303</ymax>
		</bndbox>
	</object>
</annotation>
