<annotation>
	<folder></folder>
	<filename>000015--8-_jpg.rf.176a30d64b110bea66761d64d36209bb.jpg</filename>
	<path>000015--8-_jpg.rf.176a30d64b110bea66761d64d36209bb.jpg</path>
	<source>
		<database>roboflow.ai</database>
	</source>
	<size>
		<width>416</width>
		<height>416</height>
		<depth>3</depth>
	</size>
	<segmented>0</segmented>
	<object>
		<name>plastik</name>
		<pose>Unspecified</pose>
		<truncated>0</truncated>
		<difficult>0</difficult>
		<occluded>0</occluded>
		<bndbox>
			<xmin>354</xmin>
			<xmax>386</xmax>
			<ymin>130</ymin>
			<ymax>210</ymax>
		</bndbox>
	</object>
</annotation>
