<annotation>
	<folder></folder>
	<filename>000002--9-_jpg.rf.1b6a847d26045e7f8888a529daa53628.jpg</filename>
	<path>000002--9-_jpg.rf.1b6a847d26045e7f8888a529daa53628.jpg</path>
	<source>
		<database>roboflow.ai</database>
	</source>
	<size>
		<width>416</width>
		<height>416</height>
		<depth>3</depth>
	</size>
	<segmented>0</segmented>
	<object>
		<name>plastik</name>
		<pose>Unspecified</pose>
		<truncated>0</truncated>
		<difficult>0</difficult>
		<occluded>0</occluded>
		<bndbox>
			<xmin>223</xmin>
			<xmax>281</xmax>
			<ymin>178</ymin>
			<ymax>282</ymax>
		</bndbox>
	</object>
</annotation>
