<annotation>
	<folder></folder>
	<filename>000020--8-_jpg.rf.f29ff30ff2558a8948ee16f8704aa6f5.jpg</filename>
	<path>000020--8-_jpg.rf.f29ff30ff2558a8948ee16f8704aa6f5.jpg</path>
	<source>
		<database>roboflow.ai</database>
	</source>
	<size>
		<width>416</width>
		<height>416</height>
		<depth>3</depth>
	</size>
	<segmented>0</segmented>
	<object>
		<name>kopuk</name>
		<pose>Unspecified</pose>
		<truncated>0</truncated>
		<difficult>0</difficult>
		<occluded>0</occluded>
		<bndbox>
			<xmin>129</xmin>
			<xmax>135</xmax>
			<ymin>178</ymin>
			<ymax>186</ymax>
		</bndbox>
	</object>
	<object>
		<name>kopuk</name>
		<pose>Unspecified</pose>
		<truncated>0</truncated>
		<difficult>0</difficult>
		<occluded>0</occluded>
		<bndbox>
			<xmin>135</xmin>
			<xmax>143</xmax>
			<ymin>166</ymin>
			<ymax>181</ymax>
		</bndbox>
	</object>
	<object>
		<name>kopuk</name>
		<pose>Unspecified</pose>
		<truncated>0</truncated>
		<difficult>0</difficult>
		<occluded>0</occluded>
		<bndbox>
			<xmin>136</xmin>
			<xmax>138</xmax>
			<ymin>154</ymin>
			<ymax>168</ymax>
		</bndbox>
	</object>
	<object>
		<name>kopuk</name>
		<pose>Unspecified</pose>
		<truncated>0</truncated>
		<difficult>0</difficult>
		<occluded>0</occluded>
		<bndbox>
			<xmin>151</xmin>
			<xmax>157</xmax>
			<ymin>238</ymin>
			<ymax>244</ymax>
		</bndbox>
	</object>
	<object>
		<name>kopuk</name>
		<pose>Unspecified</pose>
		<truncated>0</truncated>
		<difficult>0</difficult>
		<occluded>0</occluded>
		<bndbox>
			<xmin>171</xmin>
			<xmax>173</xmax>
			<ymin>240</ymin>
			<ymax>253</ymax>
		</bndbox>
	</object>
	<object>
		<name>kopuk</name>
		<pose>Unspecified</pose>
		<truncated>0</truncated>
		<difficult>0</difficult>
		<occluded>0</occluded>
		<bndbox>
			<xmin>81</xmin>
			<xmax>87</xmax>
			<ymin>134</ymin>
			<ymax>142</ymax>
		</bndbox>
	</object>
	<object>
		<name>kopuk</name>
		<pose>Unspecified</pose>
		<truncated>0</truncated>
		<difficult>0</difficult>
		<occluded>0</occluded>
		<bndbox>
			<xmin>78</xmin>
			<xmax>82</xmax>
			<ymin>96</ymin>
			<ymax>103</ymax>
		</bndbox>
	</object>
	<object>
		<name>kopuk</name>
		<pose>Unspecified</pose>
		<truncated>0</truncated>
		<difficult>0</difficult>
		<occluded>0</occluded>
		<bndbox>
			<xmin>2</xmin>
			<xmax>118</xmax>
			<ymin>1</ymin>
			<ymax>163</ymax>
		</bndbox>
	</object>
</annotation>
