<annotation>
	<folder></folder>
	<filename>000018--7-_jpg.rf.dd311cd7618030a6f65866896216b4e8.jpg</filename>
	<path>000018--7-_jpg.rf.dd311cd7618030a6f65866896216b4e8.jpg</path>
	<source>
		<database>roboflow.ai</database>
	</source>
	<size>
		<width>416</width>
		<height>416</height>
		<depth>3</depth>
	</size>
	<segmented>0</segmented>
	<object>
		<name>plastik</name>
		<pose>Unspecified</pose>
		<truncated>0</truncated>
		<difficult>0</difficult>
		<occluded>0</occluded>
		<bndbox>
			<xmin>81</xmin>
			<xmax>145</xmax>
			<ymin>163</ymin>
			<ymax>277</ymax>
		</bndbox>
	</object>
</annotation>
