<annotation>
	<folder></folder>
	<filename>000010--11-_jpg.rf.94b085d4c79424a8224af2a1125cd2d5.jpg</filename>
	<path>000010--11-_jpg.rf.94b085d4c79424a8224af2a1125cd2d5.jpg</path>
	<source>
		<database>roboflow.ai</database>
	</source>
	<size>
		<width>416</width>
		<height>416</height>
		<depth>3</depth>
	</size>
	<segmented>0</segmented>
	<object>
		<name>plastik</name>
		<pose>Unspecified</pose>
		<truncated>0</truncated>
		<difficult>0</difficult>
		<occluded>0</occluded>
		<bndbox>
			<xmin>9</xmin>
			<xmax>381</xmax>
			<ymin>63</ymin>
			<ymax>247</ymax>
		</bndbox>
	</object>
</annotation>
