<annotation>
	<folder></folder>
	<filename>000002--6-_jpg.rf.bb82c40a3b5dd8e78f1b6e80272c9ee5.jpg</filename>
	<path>000002--6-_jpg.rf.bb82c40a3b5dd8e78f1b6e80272c9ee5.jpg</path>
	<source>
		<database>roboflow.ai</database>
	</source>
	<size>
		<width>416</width>
		<height>416</height>
		<depth>3</depth>
	</size>
	<segmented>0</segmented>
	<object>
		<name>plastik</name>
		<pose>Unspecified</pose>
		<truncated>0</truncated>
		<difficult>0</difficult>
		<occluded>0</occluded>
		<bndbox>
			<xmin>85</xmin>
			<xmax>128</xmax>
			<ymin>185</ymin>
			<ymax>279</ymax>
		</bndbox>
	</object>
</annotation>
