<annotation>
	<folder></folder>
	<filename>000012--10-_jpg.rf.99a9b6a5fe881948ace96703b1bb0830.jpg</filename>
	<path>000012--10-_jpg.rf.99a9b6a5fe881948ace96703b1bb0830.jpg</path>
	<source>
		<database>roboflow.ai</database>
	</source>
	<size>
		<width>416</width>
		<height>416</height>
		<depth>3</depth>
	</size>
	<segmented>0</segmented>
	<object>
		<name>plastik</name>
		<pose>Unspecified</pose>
		<truncated>0</truncated>
		<difficult>0</difficult>
		<occluded>0</occluded>
		<bndbox>
			<xmin>141</xmin>
			<xmax>325</xmax>
			<ymin>161</ymin>
			<ymax>325</ymax>
		</bndbox>
	</object>
</annotation>
