<annotation>
	<folder></folder>
	<filename>000018--5-_JPG_jpg.rf.f2d41eddcfa928975edaff5df3c1ac31.jpg</filename>
	<path>000018--5-_JPG_jpg.rf.f2d41eddcfa928975edaff5df3c1ac31.jpg</path>
	<source>
		<database>roboflow.ai</database>
	</source>
	<size>
		<width>416</width>
		<height>416</height>
		<depth>3</depth>
	</size>
	<segmented>0</segmented>
	<object>
		<name>kopuk</name>
		<pose>Unspecified</pose>
		<truncated>0</truncated>
		<difficult>0</difficult>
		<occluded>0</occluded>
		<bndbox>
			<xmin>139</xmin>
			<xmax>175</xmax>
			<ymin>177</ymin>
			<ymax>223</ymax>
		</bndbox>
	</object>
</annotation>
