<annotation>
	<folder></folder>
	<filename>000007--4-_JPG_jpg.rf.6f8ecf7e86b61a851b9f8fb158258d01.jpg</filename>
	<path>000007--4-_JPG_jpg.rf.6f8ecf7e86b61a851b9f8fb158258d01.jpg</path>
	<source>
		<database>roboflow.ai</database>
	</source>
	<size>
		<width>416</width>
		<height>416</height>
		<depth>3</depth>
	</size>
	<segmented>0</segmented>
	<object>
		<name>metal</name>
		<pose>Unspecified</pose>
		<truncated>0</truncated>
		<difficult>0</difficult>
		<occluded>0</occluded>
		<bndbox>
			<xmin>187</xmin>
			<xmax>230</xmax>
			<ymin>164</ymin>
			<ymax>202</ymax>
		</bndbox>
	</object>
</annotation>
