<annotation>
	<folder></folder>
	<filename>000005_jpg.rf.e3aae004a15b8da710471ef1ec86f515.jpg</filename>
	<path>000005_jpg.rf.e3aae004a15b8da710471ef1ec86f515.jpg</path>
	<source>
		<database>roboflow.ai</database>
	</source>
	<size>
		<width>416</width>
		<height>416</height>
		<depth>3</depth>
	</size>
	<segmented>0</segmented>
	<object>
		<name>plastik</name>
		<pose>Unspecified</pose>
		<truncated>0</truncated>
		<difficult>0</difficult>
		<occluded>0</occluded>
		<bndbox>
			<xmin>256</xmin>
			<xmax>305</xmax>
			<ymin>223</ymin>
			<ymax>249</ymax>
		</bndbox>
	</object>
</annotation>
