<annotation>
	<folder></folder>
	<filename>000014--11-_jpg.rf.edb84b683607e55b6983bd13200385bc.jpg</filename>
	<path>000014--11-_jpg.rf.edb84b683607e55b6983bd13200385bc.jpg</path>
	<source>
		<database>roboflow.ai</database>
	</source>
	<size>
		<width>416</width>
		<height>416</height>
		<depth>3</depth>
	</size>
	<segmented>0</segmented>
	<object>
		<name>plastik</name>
		<pose>Unspecified</pose>
		<truncated>0</truncated>
		<difficult>0</difficult>
		<occluded>0</occluded>
		<bndbox>
			<xmin>134</xmin>
			<xmax>296</xmax>
			<ymin>131</ymin>
			<ymax>215</ymax>
		</bndbox>
	</object>
</annotation>
