<annotation>
	<folder></folder>
	<filename>000008--5-_JPG_jpg.rf.e63107481de58d78adf51ba47cbd4517.jpg</filename>
	<path>000008--5-_JPG_jpg.rf.e63107481de58d78adf51ba47cbd4517.jpg</path>
	<source>
		<database>roboflow.ai</database>
	</source>
	<size>
		<width>416</width>
		<height>416</height>
		<depth>3</depth>
	</size>
	<segmented>0</segmented>
	<object>
		<name>karton</name>
		<pose>Unspecified</pose>
		<truncated>0</truncated>
		<difficult>0</difficult>
		<occluded>0</occluded>
		<bndbox>
			<xmin>92</xmin>
			<xmax>169</xmax>
			<ymin>347</ymin>
			<ymax>416</ymax>
		</bndbox>
	</object>
</annotation>
