<annotation>
	<folder></folder>
	<filename>000001--10-_jpg.rf.37cd663a596e924010426ac94b745509.jpg</filename>
	<path>000001--10-_jpg.rf.37cd663a596e924010426ac94b745509.jpg</path>
	<source>
		<database>roboflow.ai</database>
	</source>
	<size>
		<width>416</width>
		<height>416</height>
		<depth>3</depth>
	</size>
	<segmented>0</segmented>
	<object>
		<name>karton</name>
		<pose>Unspecified</pose>
		<truncated>0</truncated>
		<difficult>0</difficult>
		<occluded>0</occluded>
		<bndbox>
			<xmin>181</xmin>
			<xmax>260</xmax>
			<ymin>170</ymin>
			<ymax>228</ymax>
		</bndbox>
	</object>
</annotation>
