<annotation>
	<folder></folder>
	<filename>000010--6-_JPG_jpg.rf.bb613dec5fe31f818b5604cc129b6c55.jpg</filename>
	<path>000010--6-_JPG_jpg.rf.bb613dec5fe31f818b5604cc129b6c55.jpg</path>
	<source>
		<database>roboflow.ai</database>
	</source>
	<size>
		<width>416</width>
		<height>416</height>
		<depth>3</depth>
	</size>
	<segmented>0</segmented>
	<object>
		<name>plastik</name>
		<pose>Unspecified</pose>
		<truncated>0</truncated>
		<difficult>0</difficult>
		<occluded>0</occluded>
		<bndbox>
			<xmin>254</xmin>
			<xmax>269</xmax>
			<ymin>129</ymin>
			<ymax>152</ymax>
		</bndbox>
	</object>
	<object>
		<name>plastik</name>
		<pose>Unspecified</pose>
		<truncated>0</truncated>
		<difficult>0</difficult>
		<occluded>0</occluded>
		<bndbox>
			<xmin>295</xmin>
			<xmax>301</xmax>
			<ymin>165</ymin>
			<ymax>169</ymax>
		</bndbox>
	</object>
</annotation>
