<annotation>
	<folder></folder>
	<filename>000006--5-_JPG_jpg.rf.a3d6f9b37afda43f8085a38b8701bfb3.jpg</filename>
	<path>000006--5-_JPG_jpg.rf.a3d6f9b37afda43f8085a38b8701bfb3.jpg</path>
	<source>
		<database>roboflow.ai</database>
	</source>
	<size>
		<width>416</width>
		<height>416</height>
		<depth>3</depth>
	</size>
	<segmented>0</segmented>
	<object>
		<name>plastik</name>
		<pose>Unspecified</pose>
		<truncated>0</truncated>
		<difficult>0</difficult>
		<occluded>0</occluded>
		<bndbox>
			<xmin>198</xmin>
			<xmax>224</xmax>
			<ymin>168</ymin>
			<ymax>198</ymax>
		</bndbox>
	</object>
	<object>
		<name>plastik</name>
		<pose>Unspecified</pose>
		<truncated>0</truncated>
		<difficult>0</difficult>
		<occluded>0</occluded>
		<bndbox>
			<xmin>154</xmin>
			<xmax>166</xmax>
			<ymin>389</ymin>
			<ymax>401</ymax>
		</bndbox>
	</object>
	<object>
		<name>plastik</name>
		<pose>Unspecified</pose>
		<truncated>0</truncated>
		<difficult>0</difficult>
		<occluded>0</occluded>
		<bndbox>
			<xmin>230</xmin>
			<xmax>236</xmax>
			<ymin>340</ymin>
			<ymax>348</ymax>
		</bndbox>
	</object>
</annotation>
