<annotation>
	<folder></folder>
	<filename>000017--5-_JPG_jpg.rf.84833d5ccc300e86f93e7f3bd549aa9b.jpg</filename>
	<path>000017--5-_JPG_jpg.rf.84833d5ccc300e86f93e7f3bd549aa9b.jpg</path>
	<source>
		<database>roboflow.ai</database>
	</source>
	<size>
		<width>416</width>
		<height>416</height>
		<depth>3</depth>
	</size>
	<segmented>0</segmented>
	<object>
		<name>plastik</name>
		<pose>Unspecified</pose>
		<truncated>0</truncated>
		<difficult>0</difficult>
		<occluded>0</occluded>
		<bndbox>
			<xmin>42</xmin>
			<xmax>122</xmax>
			<ymin>189</ymin>
			<ymax>235</ymax>
		</bndbox>
	</object>
</annotation>
