<annotation>
	<folder></folder>
	<filename>000009--2-_JPG_jpg.rf.61b3c635f14c64c05b9a48ba6793dafb.jpg</filename>
	<path>000009--2-_JPG_jpg.rf.61b3c635f14c64c05b9a48ba6793dafb.jpg</path>
	<source>
		<database>roboflow.ai</database>
	</source>
	<size>
		<width>416</width>
		<height>416</height>
		<depth>3</depth>
	</size>
	<segmented>0</segmented>
	<object>
		<name>plastik</name>
		<pose>Unspecified</pose>
		<truncated>0</truncated>
		<difficult>0</difficult>
		<occluded>0</occluded>
		<bndbox>
			<xmin>206</xmin>
			<xmax>220</xmax>
			<ymin>152</ymin>
			<ymax>233</ymax>
		</bndbox>
	</object>
</annotation>
