<annotation>
	<folder></folder>
	<filename>000020--3-_JPG_jpg.rf.0d9dd6736761702106d5faeb32ee1c0a.jpg</filename>
	<path>000020--3-_JPG_jpg.rf.0d9dd6736761702106d5faeb32ee1c0a.jpg</path>
	<source>
		<database>roboflow.ai</database>
	</source>
	<size>
		<width>416</width>
		<height>416</height>
		<depth>3</depth>
	</size>
	<segmented>0</segmented>
	<object>
		<name>plastik</name>
		<pose>Unspecified</pose>
		<truncated>0</truncated>
		<difficult>0</difficult>
		<occluded>0</occluded>
		<bndbox>
			<xmin>313</xmin>
			<xmax>369</xmax>
			<ymin>115</ymin>
			<ymax>207</ymax>
		</bndbox>
	</object>
	<object>
		<name>karton</name>
		<pose>Unspecified</pose>
		<truncated>0</truncated>
		<difficult>0</difficult>
		<occluded>0</occluded>
		<bndbox>
			<xmin>145</xmin>
			<xmax>261</xmax>
			<ymin>152</ymin>
			<ymax>258</ymax>
		</bndbox>
	</object>
	<object>
		<name>karton</name>
		<pose>Unspecified</pose>
		<truncated>0</truncated>
		<difficult>0</difficult>
		<occluded>0</occluded>
		<bndbox>
			<xmin>50</xmin>
			<xmax>110</xmax>
			<ymin>76</ymin>
			<ymax>138</ymax>
		</bndbox>
	</object>
</annotation>
