<annotation>
	<folder></folder>
	<filename>000021--3-_JPG_jpg.rf.ac924eec5a588c2f110fa55973b337ae.jpg</filename>
	<path>000021--3-_JPG_jpg.rf.ac924eec5a588c2f110fa55973b337ae.jpg</path>
	<source>
		<database>roboflow.ai</database>
	</source>
	<size>
		<width>416</width>
		<height>416</height>
		<depth>3</depth>
	</size>
	<segmented>0</segmented>
	<object>
		<name>plastik</name>
		<pose>Unspecified</pose>
		<truncated>0</truncated>
		<difficult>0</difficult>
		<occluded>0</occluded>
		<bndbox>
			<xmin>170</xmin>
			<xmax>208</xmax>
			<ymin>204</ymin>
			<ymax>233</ymax>
		</bndbox>
	</object>
</annotation>
