<annotation>
	<folder></folder>
	<filename>000020--10-_jpg.rf.b44af27d144c923416e0b02ce2b6de89.jpg</filename>
	<path>000020--10-_jpg.rf.b44af27d144c923416e0b02ce2b6de89.jpg</path>
	<source>
		<database>roboflow.ai</database>
	</source>
	<size>
		<width>416</width>
		<height>416</height>
		<depth>3</depth>
	</size>
	<segmented>0</segmented>
	<object>
		<name>karton</name>
		<pose>Unspecified</pose>
		<truncated>0</truncated>
		<difficult>0</difficult>
		<occluded>0</occluded>
		<bndbox>
			<xmin>198</xmin>
			<xmax>230</xmax>
			<ymin>141</ymin>
			<ymax>203</ymax>
		</bndbox>
	</object>
</annotation>
