<annotation>
	<folder></folder>
	<filename>000003--4-_JPG_jpg.rf.e7e57a8f13cc0d59f2e31eee4f9eae2e.jpg</filename>
	<path>000003--4-_JPG_jpg.rf.e7e57a8f13cc0d59f2e31eee4f9eae2e.jpg</path>
	<source>
		<database>roboflow.ai</database>
	</source>
	<size>
		<width>416</width>
		<height>416</height>
		<depth>3</depth>
	</size>
	<segmented>0</segmented>
	<object>
		<name>plastik</name>
		<pose>Unspecified</pose>
		<truncated>0</truncated>
		<difficult>0</difficult>
		<occluded>0</occluded>
		<bndbox>
			<xmin>205</xmin>
			<xmax>237</xmax>
			<ymin>231</ymin>
			<ymax>271</ymax>
		</bndbox>
	</object>
</annotation>
