<annotation>
	<folder></folder>
	<filename>000001--2-_JPG_jpg.rf.9f9bccf0fe02c631d2735b1d68642b58.jpg</filename>
	<path>000001--2-_JPG_jpg.rf.9f9bccf0fe02c631d2735b1d68642b58.jpg</path>
	<source>
		<database>roboflow.ai</database>
	</source>
	<size>
		<width>416</width>
		<height>416</height>
		<depth>3</depth>
	</size>
	<segmented>0</segmented>
	<object>
		<name>cam</name>
		<pose>Unspecified</pose>
		<truncated>0</truncated>
		<difficult>0</difficult>
		<occluded>0</occluded>
		<bndbox>
			<xmin>69</xmin>
			<xmax>117</xmax>
			<ymin>204</ymin>
			<ymax>233</ymax>
		</bndbox>
	</object>
	<object>
		<name>cam</name>
		<pose>Unspecified</pose>
		<truncated>0</truncated>
		<difficult>0</difficult>
		<occluded>0</occluded>
		<bndbox>
			<xmin>343</xmin>
			<xmax>371</xmax>
			<ymin>140</ymin>
			<ymax>212</ymax>
		</bndbox>
	</object>
	<object>
		<name>plastik</name>
		<pose>Unspecified</pose>
		<truncated>0</truncated>
		<difficult>0</difficult>
		<occluded>0</occluded>
		<bndbox>
			<xmin>343</xmin>
			<xmax>357</xmax>
			<ymin>270</ymin>
			<ymax>299</ymax>
		</bndbox>
	</object>
</annotation>
