<annotation>
	<folder></folder>
	<filename>000020_JPG_jpg.rf.3b4f0a3a6621275b3c3f95105b5ca6a1.jpg</filename>
	<path>000020_JPG_jpg.rf.3b4f0a3a6621275b3c3f95105b5ca6a1.jpg</path>
	<source>
		<database>roboflow.ai</database>
	</source>
	<size>
		<width>416</width>
		<height>416</height>
		<depth>3</depth>
	</size>
	<segmented>0</segmented>
	<object>
		<name>plastik</name>
		<pose>Unspecified</pose>
		<truncated>0</truncated>
		<difficult>0</difficult>
		<occluded>0</occluded>
		<bndbox>
			<xmin>177</xmin>
			<xmax>203</xmax>
			<ymin>167</ymin>
			<ymax>193</ymax>
		</bndbox>
	</object>
</annotation>
