<annotation>
	<folder></folder>
	<filename>000015--6-_JPG_jpg.rf.2934d844a554cd3fbbdf2e1ac6886b08.jpg</filename>
	<path>000015--6-_JPG_jpg.rf.2934d844a554cd3fbbdf2e1ac6886b08.jpg</path>
	<source>
		<database>roboflow.ai</database>
	</source>
	<size>
		<width>416</width>
		<height>416</height>
		<depth>3</depth>
	</size>
	<segmented>0</segmented>
	<object>
		<name>karton</name>
		<pose>Unspecified</pose>
		<truncated>0</truncated>
		<difficult>0</difficult>
		<occluded>0</occluded>
		<bndbox>
			<xmin>216</xmin>
			<xmax>228</xmax>
			<ymin>209</ymin>
			<ymax>235</ymax>
		</bndbox>
	</object>
</annotation>
