<annotation>
	<folder></folder>
	<filename>000014--3-_JPG_jpg.rf.e9982f37394a8c64f3e47010b0d702c3.jpg</filename>
	<path>000014--3-_JPG_jpg.rf.e9982f37394a8c64f3e47010b0d702c3.jpg</path>
	<source>
		<database>roboflow.ai</database>
	</source>
	<size>
		<width>416</width>
		<height>416</height>
		<depth>3</depth>
	</size>
	<segmented>0</segmented>
	<object>
		<name>plastik</name>
		<pose>Unspecified</pose>
		<truncated>0</truncated>
		<difficult>0</difficult>
		<occluded>0</occluded>
		<bndbox>
			<xmin>160</xmin>
			<xmax>172</xmax>
			<ymin>120</ymin>
			<ymax>136</ymax>
		</bndbox>
	</object>
</annotation>
