<annotation>
	<folder></folder>
	<filename>000001--5-_JPG_jpg.rf.8aa385859db7213313783582140b39d8.jpg</filename>
	<path>000001--5-_JPG_jpg.rf.8aa385859db7213313783582140b39d8.jpg</path>
	<source>
		<database>roboflow.ai</database>
	</source>
	<size>
		<width>416</width>
		<height>416</height>
		<depth>3</depth>
	</size>
	<segmented>0</segmented>
	<object>
		<name>plastik</name>
		<pose>Unspecified</pose>
		<truncated>0</truncated>
		<difficult>0</difficult>
		<occluded>0</occluded>
		<bndbox>
			<xmin>300</xmin>
			<xmax>315</xmax>
			<ymin>271</ymin>
			<ymax>281</ymax>
		</bndbox>
	</object>
	<object>
		<name>plastik</name>
		<pose>Unspecified</pose>
		<truncated>0</truncated>
		<difficult>0</difficult>
		<occluded>0</occluded>
		<bndbox>
			<xmin>110</xmin>
			<xmax>132</xmax>
			<ymin>134</ymin>
			<ymax>152</ymax>
		</bndbox>
	</object>
</annotation>
