<annotation>
	<folder></folder>
	<filename>000007--5-_JPG_jpg.rf.9c48a11c1d35e2fa8881fc6d689a42d8.jpg</filename>
	<path>000007--5-_JPG_jpg.rf.9c48a11c1d35e2fa8881fc6d689a42d8.jpg</path>
	<source>
		<database>roboflow.ai</database>
	</source>
	<size>
		<width>416</width>
		<height>416</height>
		<depth>3</depth>
	</size>
	<segmented>0</segmented>
	<object>
		<name>plastik</name>
		<pose>Unspecified</pose>
		<truncated>0</truncated>
		<difficult>0</difficult>
		<occluded>0</occluded>
		<bndbox>
			<xmin>181</xmin>
			<xmax>300</xmax>
			<ymin>5</ymin>
			<ymax>269</ymax>
		</bndbox>
	</object>
</annotation>
