<annotation>
	<folder></folder>
	<filename>000017--5-_JPG_jpg.rf.2cf4010189845b854d075ec5eb888688.jpg</filename>
	<path>000017--5-_JPG_jpg.rf.2cf4010189845b854d075ec5eb888688.jpg</path>
	<source>
		<database>roboflow.ai</database>
	</source>
	<size>
		<width>416</width>
		<height>416</height>
		<depth>3</depth>
	</size>
	<segmented>0</segmented>
	<object>
		<name>plastik</name>
		<pose>Unspecified</pose>
		<truncated>0</truncated>
		<difficult>0</difficult>
		<occluded>0</occluded>
		<bndbox>
			<xmin>296</xmin>
			<xmax>376</xmax>
			<ymin>184</ymin>
			<ymax>230</ymax>
		</bndbox>
	</object>
</annotation>
