<annotation>
	<folder></folder>
	<filename>000013--8-_jpg.rf.f6dc2a12e4e54dbb5919c37e9534b862.jpg</filename>
	<path>000013--8-_jpg.rf.f6dc2a12e4e54dbb5919c37e9534b862.jpg</path>
	<source>
		<database>roboflow.ai</database>
	</source>
	<size>
		<width>416</width>
		<height>416</height>
		<depth>3</depth>
	</size>
	<segmented>0</segmented>
	<object>
		<name>kagit</name>
		<pose>Unspecified</pose>
		<truncated>0</truncated>
		<difficult>0</difficult>
		<occluded>0</occluded>
		<bndbox>
			<xmin>224</xmin>
			<xmax>233</xmax>
			<ymin>210</ymin>
			<ymax>232</ymax>
		</bndbox>
	</object>
</annotation>
