<annotation>
	<folder></folder>
	<filename>000009--9-_jpg.rf.902d416b3faae93d6423c95fe2c53fb4.jpg</filename>
	<path>000009--9-_jpg.rf.902d416b3faae93d6423c95fe2c53fb4.jpg</path>
	<source>
		<database>roboflow.ai</database>
	</source>
	<size>
		<width>416</width>
		<height>416</height>
		<depth>3</depth>
	</size>
	<segmented>0</segmented>
	<object>
		<name>plastik</name>
		<pose>Unspecified</pose>
		<truncated>0</truncated>
		<difficult>0</difficult>
		<occluded>0</occluded>
		<bndbox>
			<xmin>235</xmin>
			<xmax>396</xmax>
			<ymin>32</ymin>
			<ymax>160</ymax>
		</bndbox>
	</object>
	<object>
		<name>kagit</name>
		<pose>Unspecified</pose>
		<truncated>0</truncated>
		<difficult>0</difficult>
		<occluded>0</occluded>
		<bndbox>
			<xmin>90</xmin>
			<xmax>179</xmax>
			<ymin>357</ymin>
			<ymax>391</ymax>
		</bndbox>
	</object>
</annotation>
