<annotation>
	<folder></folder>
	<filename>000015--8-_jpg.rf.3ed5784cfa1a6f27c4ff853482fc2513.jpg</filename>
	<path>000015--8-_jpg.rf.3ed5784cfa1a6f27c4ff853482fc2513.jpg</path>
	<source>
		<database>roboflow.ai</database>
	</source>
	<size>
		<width>416</width>
		<height>416</height>
		<depth>3</depth>
	</size>
	<segmented>0</segmented>
	<object>
		<name>plastik</name>
		<pose>Unspecified</pose>
		<truncated>0</truncated>
		<difficult>0</difficult>
		<occluded>0</occluded>
		<bndbox>
			<xmin>33</xmin>
			<xmax>65</xmax>
			<ymin>209</ymin>
			<ymax>289</ymax>
		</bndbox>
	</object>
</annotation>
