<annotation>
	<folder></folder>
	<filename>000015--2-_JPG_jpg.rf.34dcb64d12a2075b404d05dedfc24e64.jpg</filename>
	<path>000015--2-_JPG_jpg.rf.34dcb64d12a2075b404d05dedfc24e64.jpg</path>
	<source>
		<database>roboflow.ai</database>
	</source>
	<size>
		<width>416</width>
		<height>416</height>
		<depth>3</depth>
	</size>
	<segmented>0</segmented>
	<object>
		<name>karton</name>
		<pose>Unspecified</pose>
		<truncated>0</truncated>
		<difficult>0</difficult>
		<occluded>0</occluded>
		<bndbox>
			<xmin>157</xmin>
			<xmax>201</xmax>
			<ymin>125</ymin>
			<ymax>207</ymax>
		</bndbox>
	</object>
</annotation>
