<annotation>
	<folder></folder>
	<filename>000006_jpg.rf.37afad60f8883dbfad7a595aa9e475f9.jpg</filename>
	<path>000006_jpg.rf.37afad60f8883dbfad7a595aa9e475f9.jpg</path>
	<source>
		<database>roboflow.ai</database>
	</source>
	<size>
		<width>416</width>
		<height>416</height>
		<depth>3</depth>
	</size>
	<segmented>0</segmented>
	<object>
		<name>cam</name>
		<pose>Unspecified</pose>
		<truncated>0</truncated>
		<difficult>0</difficult>
		<occluded>0</occluded>
		<bndbox>
			<xmin>24</xmin>
			<xmax>300</xmax>
			<ymin>153</ymin>
			<ymax>279</ymax>
		</bndbox>
	</object>
</annotation>
