<annotation>
	<folder></folder>
	<filename>000010--10-_jpg.rf.c2f74a34a1151dbcfb1cc4bedd4e5d30.jpg</filename>
	<path>000010--10-_jpg.rf.c2f74a34a1151dbcfb1cc4bedd4e5d30.jpg</path>
	<source>
		<database>roboflow.ai</database>
	</source>
	<size>
		<width>416</width>
		<height>416</height>
		<depth>3</depth>
	</size>
	<segmented>0</segmented>
	<object>
		<name>karton</name>
		<pose>Unspecified</pose>
		<truncated>0</truncated>
		<difficult>0</difficult>
		<occluded>0</occluded>
		<bndbox>
			<xmin>248</xmin>
			<xmax>310</xmax>
			<ymin>5</ymin>
			<ymax>217</ymax>
		</bndbox>
	</object>
	<object>
		<name>karton</name>
		<pose>Unspecified</pose>
		<truncated>0</truncated>
		<difficult>0</difficult>
		<occluded>0</occluded>
		<bndbox>
			<xmin>188</xmin>
			<xmax>264</xmax>
			<ymin>178</ymin>
			<ymax>372</ymax>
		</bndbox>
	</object>
	<object>
		<name>karton</name>
		<pose>Unspecified</pose>
		<truncated>0</truncated>
		<difficult>0</difficult>
		<occluded>0</occluded>
		<bndbox>
			<xmin>232</xmin>
			<xmax>322</xmax>
			<ymin>214</ymin>
			<ymax>361</ymax>
		</bndbox>
	</object>
</annotation>
