<annotation>
	<folder></folder>
	<filename>000010_jpg.rf.441bb59c643d644dde535debcf348cfe.jpg</filename>
	<path>000010_jpg.rf.441bb59c643d644dde535debcf348cfe.jpg</path>
	<source>
		<database>roboflow.ai</database>
	</source>
	<size>
		<width>416</width>
		<height>416</height>
		<depth>3</depth>
	</size>
	<segmented>0</segmented>
	<object>
		<name>plastik</name>
		<pose>Unspecified</pose>
		<truncated>0</truncated>
		<difficult>0</difficult>
		<occluded>0</occluded>
		<bndbox>
			<xmin>202</xmin>
			<xmax>278</xmax>
			<ymin>109</ymin>
			<ymax>247</ymax>
		</bndbox>
	</object>
</annotation>
