<annotation>
	<folder></folder>
	<filename>000014--2-_JPG_jpg.rf.16a62bbec143357132e83d65adc89c27.jpg</filename>
	<path>000014--2-_JPG_jpg.rf.16a62bbec143357132e83d65adc89c27.jpg</path>
	<source>
		<database>roboflow.ai</database>
	</source>
	<size>
		<width>416</width>
		<height>416</height>
		<depth>3</depth>
	</size>
	<segmented>0</segmented>
	<object>
		<name>plastik</name>
		<pose>Unspecified</pose>
		<truncated>0</truncated>
		<difficult>0</difficult>
		<occluded>0</occluded>
		<bndbox>
			<xmin>251</xmin>
			<xmax>373</xmax>
			<ymin>206</ymin>
			<ymax>283</ymax>
		</bndbox>
	</object>
</annotation>
