<annotation>
	<folder></folder>
	<filename>000016--10-_jpg.rf.86e5d10a3e4faeaafa36d446842dce66.jpg</filename>
	<path>000016--10-_jpg.rf.86e5d10a3e4faeaafa36d446842dce66.jpg</path>
	<source>
		<database>roboflow.ai</database>
	</source>
	<size>
		<width>416</width>
		<height>416</height>
		<depth>3</depth>
	</size>
	<segmented>0</segmented>
	<object>
		<name>plastik</name>
		<pose>Unspecified</pose>
		<truncated>0</truncated>
		<difficult>0</difficult>
		<occluded>0</occluded>
		<bndbox>
			<xmin>122</xmin>
			<xmax>267</xmax>
			<ymin>157</ymin>
			<ymax>269</ymax>
		</bndbox>
	</object>
</annotation>
