<annotation>
	<folder></folder>
	<filename>000003--3-_JPG_jpg.rf.bac725f3cb6396b814c21418e64ba631.jpg</filename>
	<path>000003--3-_JPG_jpg.rf.bac725f3cb6396b814c21418e64ba631.jpg</path>
	<source>
		<database>roboflow.ai</database>
	</source>
	<size>
		<width>416</width>
		<height>416</height>
		<depth>3</depth>
	</size>
	<segmented>0</segmented>
	<object>
		<name>plastik</name>
		<pose>Unspecified</pose>
		<truncated>0</truncated>
		<difficult>0</difficult>
		<occluded>0</occluded>
		<bndbox>
			<xmin>142</xmin>
			<xmax>172</xmax>
			<ymin>131</ymin>
			<ymax>153</ymax>
		</bndbox>
	</object>
</annotation>
